Protocollo;Gruppo;DataOraIncidente;Localizzazione1;STRADA1;Localizzazione2;STRADA2;Strada02;Chilometrica;DaSpecificare;NaturaIncidente;particolaritastrade;TipoStrada;FondoStradale;Pavimentazione;Segnaletica;CondizioneAtmosferica;Traffico;Visibilita;Illuminazione;NUM_FERITI;NUM_RISERVATA;NUM_MORTI;NUM_ILLESI;Longitudine;Latitudine;Confermato;Progressivo;TipoVeicolo;StatoVeicolo;TipoPersona;Sesso;Tipolesione;Deceduto;DecedutoDopo;CinturaCascoUtilizzato;Airbag
2187530;12;01/11/2014 16:15;Strada Urbana;PIAZZA GUIDO PIOVENE;da specificare;;;;tra Via I. Silone e Via C. Levi direz. Euroma2;Investimento di pedone;Rotatoria;Una carreggiata a senso unico di marcia;Asciutto;Asfaltata;Verticale ed orizzontale;Sereno;Normale;Buona;Ore Diurne;1;0;0;1;12.46619;41.81206;-1;;;;Pedone;M;Rimandato;0;NON DECEDUTO;;
2187530;12;01/11/2014 16:15;Strada Urbana;PIAZZA GUIDO PIOVENE;da specificare;;;;tra Via I. Silone e Via C. Levi direz. Euroma2;Investimento di pedone;Rotatoria;Una carreggiata a senso unico di marcia;Asciutto;Asfaltata;Verticale ed orizzontale;Sereno;Normale;Buona;Ore Diurne;1;0;0;1;12.46619;41.81206;-1;1;Autovettura privata;In marcia / fermata / arresto;Conducente;M;Illeso;0;;Utilizzato;Inesploso
2187550;7;02/11/2014 21:30;Strada Urbana;VIA COLLATINA;in prossimità;;del civico n.;241;;Scontro frontale/laterale DX fra veicoli in marcia;Rettilineo;Una carreggiata a doppio senso;Asciutto;Asfaltata;Verticale ed orizzontale;Sereno;Normale;Buona;Sufficiente;0;0;0;4;12.58744;41.9037;-1;1;Autovettura privata;In marcia / fermata / arresto;Conducente;F;Illeso;0;;Non accertato;Inesploso
2187550;7;02/11/2014 21:30;Strada Urbana;VIA COLLATINA;in prossimità;;del civico n.;241;;Scontro frontale/laterale DX fra veicoli in marcia;Rettilineo;Una carreggiata a doppio senso;Asciutto;Asfaltata;Verticale ed orizzontale;Sereno;Normale;Buona;Sufficiente;0;0;0;4;12.58744;41.9037;-1;2;Autovettura privata;In marcia / fermata / arresto;Conducente;M;Illeso;0;;Non accertato;Inesploso
2187550;7;02/11/2014 21:30;Strada Urbana;VIA COLLATINA;in prossimità;;del civico n.;241;;Scontro frontale/laterale DX fra veicoli in marcia;Rettilineo;Una carreggiata a doppio senso;Asciutto;Asfaltata;Verticale ed orizzontale;Sereno;Normale;Buona;Sufficiente;0;0;0;4;12.58744;41.9037;-1;2;Autovettura privata;In marcia / fermata / arresto;Passeggero;M;Illeso;0;;Non accertato;Inesploso
2187550;7;02/11/2014 21:30;Strada Urbana;VIA COLLATINA;in prossimità;;del civico n.;241;;Scontro frontale/laterale DX fra veicoli in marcia;Rettilineo;Una carreggiata a doppio senso;Asciutto;Asfaltata;Verticale ed orizzontale;Sereno;Normale;Buona;Sufficiente;0;0;0;4;12.58744;41.9037;-1;2;Autovettura privata;In marcia / fermata / arresto;Passeggero;F;Illeso;0;;Non accertato;Inesploso
2187560;1;02/11/2014;Strada Urbana;VIA GUSTAVO MODENA;all'intersezione con;VIA BARTOLOMEO FILIPPERI;VIA BARTOLOMEO FILIPPERI;;;Scontro frontale/laterale DX fra veicoli in marcia;Intersezione stradale segnalata;Una carreggiata a senso unico di marcia;Asciutto;In cubetti di porfido;Verticale;Sereno;Intenso;Buona;Sufficiente;1;0;0;2;12.47358;41.89012;-1;1;Autovettura privata;In marcia / fermata / arresto;Conducente;M;Illeso;0;;Non accertato;Inesploso
2187560;1;02/11/2014;Strada Urbana;VIA GUSTAVO MODENA;all'intersezione con;VIA BARTOLOMEO FILIPPERI;VIA BARTOLOMEO FILIPPERI;;;Scontro frontale/laterale DX fra veicoli in marcia;Intersezione stradale segnalata;Una carreggiata a senso unico di marcia;Asciutto;In cubetti di porfido;Verticale;Sereno;Intenso;Buona;Sufficiente;1;0;0;2;12.47358;41.89012;-1;1;Autovettura privata;In marcia / fermata / arresto;Passeggero;F;Illeso;0;;;
2187560;1;02/11/2014;Strada Urbana;VIA GUSTAVO MODENA;all'intersezione con;VIA BARTOLOMEO FILIPPERI;VIA BARTOLOMEO FILIPPERI;;;Scontro frontale/laterale DX fra veicoli in marcia;Intersezione stradale segnalata;Una carreggiata a senso unico di marcia;Asciutto;In cubetti di porfido;Verticale;Sereno;Intenso;Buona;Sufficiente;1;0;0;2;12.47358;41.89012;-1;2;Motociclo a solo;In marcia / fermata / arresto;Conducente;F;Rimandato;0;NON DECEDUTO;Non accertato;
2187569;7;01/11/2014 16:45;Strada Urbana;VIA DEI CASTANI;all'intersezione con;VIA DELLE ROBINIE;VIA DELLE ROBINIE;;;Scontro frontale/laterale SX fra veicoli in marcia;Incrocio;Una carreggiata a doppio senso;Asciutto;Asfaltata;Verticale ed orizzontale;Sereno;Scarso;Buona;Ore Diurne;1;0;0;3;12.56671;41.88278;-1;1;Autovettura privata;In marcia / fermata / arresto;Conducente;M;Rimandato;0;NON DECEDUTO;;
2187569;7;01/11/2014 16:45;Strada Urbana;VIA DEI CASTANI;all'intersezione con;VIA DELLE ROBINIE;VIA DELLE ROBINIE;;;Scontro frontale/laterale SX fra veicoli in marcia;Incrocio;Una carreggiata a doppio senso;Asciutto;Asfaltata;Verticale ed orizzontale;Sereno;Scarso;Buona;Ore Diurne;1;0;0;3;12.56671;41.88278;-1;1;Autovettura privata;In marcia / fermata / arresto;Passeggero;M;Illeso;0;;Non accertato;Inesploso
2187569;7;01/11/2014 16:45;Strada Urbana;VIA DEI CASTANI;all'intersezione con;VIA DELLE ROBINIE;VIA DELLE ROBINIE;;;Scontro frontale/laterale SX fra veicoli in marcia;Incrocio;Una carreggiata a doppio senso;Asciutto;Asfaltata;Verticale ed orizzontale;Sereno;Scarso;Buona;Ore Diurne;1;0;0;3;12.56671;41.88278;-1;1;Autovettura privata;In marcia / fermata / arresto;Passeggero;M;Illeso;0;;Non accertato;Inesploso
2187569;7;01/11/2014 16:45;Strada Urbana;VIA DEI CASTANI;all'intersezione con;VIA DELLE ROBINIE;VIA DELLE ROBINIE;;;Scontro frontale/laterale SX fra veicoli in marcia;Incrocio;Una carreggiata a doppio senso;Asciutto;Asfaltata;Verticale ed orizzontale;Sereno;Scarso;Buona;Ore Diurne;1;0;0;3;12.56671;41.88278;-1;2;Autovettura privata;In marcia / fermata / arresto;Conducente;M;Illeso;0;;Non accertato;Inesploso
2187595;19;02/11/2014 11:15;Strada Urbana;VIALE MONFORTANI;in prossimità;;del civico n.;22;;Investimento di pedone;Rettilineo;Una carreggiata a doppio senso;Asciutto;Asfaltata;Orizzontale;Sereno;Normale;Buona;Ore Diurne;1;0;0;1;12.42502;41.93764;-1;;;;Pedone;M;Rimandato;0;NON DECEDUTO;;
2187595;19;02/11/2014 11:15;Strada Urbana;VIALE MONFORTANI;in prossimità;;del civico n.;22;;Investimento di pedone;Rettilineo;Una carreggiata a doppio senso;Asciutto;Asfaltata;Orizzontale;Sereno;Normale;Buona;Ore Diurne;1;0;0;1;12.42502;41.93764;-1;1;Autovettura privata;In marcia / fermata / arresto;Conducente;M;Illeso;0;;;Inesploso
2187603;7;01/11/2014 23:55;Strada Urbana;VIALE PALMIRO TOGLIATTI;in prossimità;;del civico n.;596;;Scontro frontale/laterale DX fra veicoli in marcia;Rettilineo;Due carreggiate;Asciutto;Asfaltata;Orizzontale;Nebbia;Normale;Sufficiente;Sufficiente;0;0;0;5;12.57224;41.87706;-1;1;Motociclo a solo;In marcia / fermata / arresto;Conducente;M;Illeso;0;;;
2187603;7;01/11/2014 23:55;Strada Urbana;VIALE PALMIRO TOGLIATTI;in prossimità;;del civico n.;596;;Scontro frontale/laterale DX fra veicoli in marcia;Rettilineo;Due carreggiate;Asciutto;Asfaltata;Orizzontale;Nebbia;Normale;Sufficiente;Sufficiente;0;0;0;5;12.57224;41.87706;-1;2;Autovettura privata;In marcia / fermata / arresto;Conducente;M;Illeso;0;;Non accertato;Inesploso
2187603;7;01/11/2014 23:55;Strada Urbana;VIALE PALMIRO TOGLIATTI;in prossimità;;del civico n.;596;;Scontro frontale/laterale DX fra veicoli in marcia;Rettilineo;Due carreggiate;Asciutto;Asfaltata;Orizzontale;Nebbia;Normale;Sufficiente;Sufficiente;0;0;0;5;12.57224;41.87706;-1;2;Autovettura privata;In marcia / fermata / arresto;Passeggero;M;Illeso;0;;Non accertato;Inesploso
2187603;7;01/11/2014 23:55;Strada Urbana;VIALE PALMIRO TOGLIATTI;in prossimità;;del civico n.;596;;Scontro frontale/laterale DX fra veicoli in marcia;Rettilineo;Due carreggiate;Asciutto;Asfaltata;Orizzontale;Nebbia;Normale;Sufficiente;Sufficiente;0;0;0;5;12.57224;41.87706;-1;2;Autovettura privata;In marcia / fermata / arresto;Passeggero;F;Illeso;0;;Non accertato;Inesploso
2187603;7;01/11/2014 23:55;Strada Urbana;VIALE PALMIRO TOGLIATTI;in prossimità;;del civico n.;596;;Scontro frontale/laterale DX fra veicoli in marcia;Rettilineo;Due carreggiate;Asciutto;Asfaltata;Orizzontale;Nebbia;Normale;Sufficiente;Sufficiente;0;0;0;5;12.57224;41.87706;-1;2;Autovettura privata;In marcia / fermata / arresto;Passeggero;F;Illeso;0;;Non accertato;Inesploso
2187613;4;02/11/2014 11:30;Strada Urbana;PIAZZA MONTE GENNARO;in corrispondenza;;del civico n.;54;;Scontro laterale fra veicoli in marcia;Rettilineo;Una carreggiata a doppio senso;Asciutto;Asfaltata;Verticale ed orizzontale;Sereno;Normale;Buona;Ore Diurne;0;0;0;3;12.53797;41.94516;-1;1;Autovettura privata;In marcia / fermata / arresto;Conducente;F;Illeso;0;;Non accertato;Inesploso
2187613;4;02/11/2014 11:30;Strada Urbana;PIAZZA MONTE GENNARO;in corrispondenza;;del civico n.;54;;Scontro laterale fra veicoli in marcia;Rettilineo;Una carreggiata a doppio senso;Asciutto;Asfaltata;Verticale ed orizzontale;Sereno;Normale;Buona;Ore Diurne;0;0;0;3;12.53797;41.94516;-1;1;Autovettura privata;In marcia / fermata / arresto;Passeggero;F;Illeso;0;;Non accertato;Inesploso
2187613;4;02/11/2014 11:30;Strada Urbana;PIAZZA MONTE GENNARO;in corrispondenza;;del civico n.;54;;Scontro laterale fra veicoli in marcia;Rettilineo;Una carreggiata a doppio senso;Asciutto;Asfaltata;Verticale ed orizzontale;Sereno;Normale;Buona;Ore Diurne;0;0;0;3;12.53797;41.94516;-1;2;Autovettura privata;In marcia / fermata / arresto;Conducente;M;Illeso;0;;Non accertato;Inesploso
2187621;3;02/11/2014 13:40;Strada Urbana;VIA TIBURTINA;da specificare;;;;ALTEZZA PIAZZALE VERANO;Scontro frontale/laterale DX fra veicoli in marcia;Rettilineo;Più di due carreggiate;Asciutto;Asfaltata;Verticale ed orizzontale;Sereno;Normale;Buona;Ore Diurne;0;0;0;6;12.51923;41.90226;-1;1;Autovettura privata;In marcia / fermata / arresto;Conducente;M;Illeso;0;;Utilizzato;Inesploso
2187621;3;02/11/2014 13:40;Strada Urbana;VIA TIBURTINA;da specificare;;;;ALTEZZA PIAZZALE VERANO;Scontro frontale/laterale DX fra veicoli in marcia;Rettilineo;Più di due carreggiate;Asciutto;Asfaltata;Verticale ed orizzontale;Sereno;Normale;Buona;Ore Diurne;0;0;0;6;12.51923;41.90226;-1;1;Autovettura privata;In marcia / fermata / arresto;Passeggero;F;Illeso;0;;Utilizzato;Inesploso
2187621;3;02/11/2014 13:40;Strada Urbana;VIA TIBURTINA;da specificare;;;;ALTEZZA PIAZZALE VERANO;Scontro frontale/laterale DX fra veicoli in marcia;Rettilineo;Più di due carreggiate;Asciutto;Asfaltata;Verticale ed orizzontale;Sereno;Normale;Buona;Ore Diurne;0;0;0;6;12.51923;41.90226;-1;1;Autovettura privata;In marcia / fermata / arresto;Passeggero;M;Illeso;0;;Utilizzato;Inesploso
2187621;3;02/11/2014 13:40;Strada Urbana;VIA TIBURTINA;da specificare;;;;ALTEZZA PIAZZALE VERANO;Scontro frontale/laterale DX fra veicoli in marcia;Rettilineo;Più di due carreggiate;Asciutto;Asfaltata;Verticale ed orizzontale;Sereno;Normale;Buona;Ore Diurne;0;0;0;6;12.51923;41.90226;-1;1;Autovettura privata;In marcia / fermata / arresto;Passeggero;F;Illeso;0;;Utilizzato;Inesploso
2187621;3;02/11/2014 13:40;Strada Urbana;VIA TIBURTINA;da specificare;;;;ALTEZZA PIAZZALE VERANO;Scontro frontale/laterale DX fra veicoli in marcia;Rettilineo;Più di due carreggiate;Asciutto;Asfaltata;Verticale ed orizzontale;Sereno;Normale;Buona;Ore Diurne;0;0;0;6;12.51923;41.90226;-1;1;Autovettura privata;In marcia / fermata / arresto;Passeggero;F;Illeso;0;;Utilizzato;Inesploso
2187621;3;02/11/2014 13:40;Strada Urbana;VIA TIBURTINA;da specificare;;;;ALTEZZA PIAZZALE VERANO;Scontro frontale/laterale DX fra veicoli in marcia;Rettilineo;Più di due carreggiate;Asciutto;Asfaltata;Verticale ed orizzontale;Sereno;Normale;Buona;Ore Diurne;0;0;0;6;12.51923;41.90226;-1;2;Autocarro inferiore 35 q.;In marcia / fermata / arresto;Conducente;M;Illeso;0;;Utilizzato;Inesploso
2187622;1;02/11/2014 09:25;Strada Urbana;VIA EMANUELE FILIBERTO;in corrispondenza;;del civico n.;1;;Investimento di pedone;Rettilineo;Una carreggiata a doppio senso;Asciutto;Asfaltata;Verticale ed orizzontale;Sereno;Scarso;Buona;Ore Diurne;1;0;0;3;12.50521;41.89326;-1;;;;Pedone;F;Rimandato;0;NON DECEDUTO;;
2187622;1;02/11/2014 09:25;Strada Urbana;VIA EMANUELE FILIBERTO;in corrispondenza;;del civico n.;1;;Investimento di pedone;Rettilineo;Una carreggiata a doppio senso;Asciutto;Asfaltata;Verticale ed orizzontale;Sereno;Scarso;Buona;Ore Diurne;1;0;0;3;12.50521;41.89326;-1;1;Autovettura privata;In marcia / fermata / arresto;Conducente;M;Illeso;0;;Non accertato;
2187622;1;02/11/2014 09:25;Strada Urbana;VIA EMANUELE FILIBERTO;in corrispondenza;;del civico n.;1;;Investimento di pedone;Rettilineo;Una carreggiata a doppio senso;Asciutto;Asfaltata;Verticale ed orizzontale;Sereno;Scarso;Buona;Ore Diurne;1;0;0;3;12.50521;41.89326;-1;1;Autovettura privata;In marcia / fermata / arresto;Passeggero;M;Illeso;0;;Non accertato;
2187622;1;02/11/2014 09:25;Strada Urbana;VIA EMANUELE FILIBERTO;in corrispondenza;;del civico n.;1;;Investimento di pedone;Rettilineo;Una carreggiata a doppio senso;Asciutto;Asfaltata;Verticale ed orizzontale;Sereno;Scarso;Buona;Ore Diurne;1;0;0;3;12.50521;41.89326;-1;1;Autovettura privata;In marcia / fermata / arresto;Passeggero;F;Illeso;0;;Non accertato;
2187631;20;01/11/2014 16:00;Comunale extraurbana;VIALE DEI CIPRESSI;all'intersezione con;VIALE ARCICONFRATERNITA DELLA PASSIONE;VIALE ARCICONFRATERNITA DELLA PASSIONE;;;Scontro frontale/laterale SX fra veicoli in marcia;Incrocio;Una carreggiata a doppio senso;Asciutto;Asfaltata;Verticale ed orizzontale;Sereno;Normale;Buona;Ore Diurne;2;0;0;0;12.49283;42.01337;-1;1;Autovettura privata;In marcia / fermata / arresto;Conducente;F;Rimandato;0;NON DECEDUTO;Non accertato;
2187631;20;01/11/2014 16:00;Comunale extraurbana;VIALE DEI CIPRESSI;all'intersezione con;VIALE ARCICONFRATERNITA DELLA PASSIONE;VIALE ARCICONFRATERNITA DELLA PASSIONE;;;Scontro frontale/laterale SX fra veicoli in marcia;Incrocio;Una carreggiata a doppio senso;Asciutto;Asfaltata;Verticale ed orizzontale;Sereno;Normale;Buona;Ore Diurne;2;0;0;0;12.49283;42.01337;-1;2;Autovettura privata;In marcia / fermata / arresto;Conducente;F;Rimandato;0;NON DECEDUTO;;
2187632;5;03/11/2014 10:35;Strada Urbana;VIA NICOLA MARIA NICOLAI;all'intersezione con;VIA POGGIO BRACCIOLINI;VIA POGGIO BRACCIOLINI;;;Scontro frontale/laterale SX fra veicoli in marcia;Incrocio;Una carreggiata a doppio senso;Asciutto;Asfaltata;Verticale ed orizzontale;Sereno;Intenso;Buona;Ore Diurne;0;0;0;2;12.5703;41.94608;-1;1;Autovettura privata;In marcia / fermata / arresto;Conducente;M;Illeso;0;;Non accertato;
2187632;5;03/11/2014 10:35;Strada Urbana;VIA NICOLA MARIA NICOLAI;all'intersezione con;VIA POGGIO BRACCIOLINI;VIA POGGIO BRACCIOLINI;;;Scontro frontale/laterale SX fra veicoli in marcia;Incrocio;Una carreggiata a doppio senso;Asciutto;Asfaltata;Verticale ed orizzontale;Sereno;Intenso;Buona;Ore Diurne;0;0;0;2;12.5703;41.94608;-1;2;Autovettura privata;In marcia / fermata / arresto;Conducente;F;Illeso;0;;Non accertato;
2187637;3;02/11/2014 19:45;Strada Urbana;VIA CATANZARO;da specificare;;;;PROSS.civ. 10;Scontro frontale/laterale SX fra veicoli in marcia;Rettilineo;Una carreggiata a doppio senso;Asciutto;Asfaltata;Orizzontale;Sereno;Scarso;Sufficiente;Sufficiente;1;0;0;1;12.51755;41.91222;-1;1;Autovettura privata;In marcia / fermata / arresto;Conducente;F;Illeso;0;;Utilizzato;Inesploso
2187637;3;02/11/2014 19:45;Strada Urbana;VIA CATANZARO;da specificare;;;;PROSS.civ. 10;Scontro frontale/laterale SX fra veicoli in marcia;Rettilineo;Una carreggiata a doppio senso;Asciutto;Asfaltata;Orizzontale;Sereno;Scarso;Sufficiente;Sufficiente;1;0;0;1;12.51755;41.91222;-1;2;Motociclo a solo;In marcia / fermata / arresto;Conducente;M;Rimandato;0;NON DECEDUTO;Non accertato;
2187639;13;01/11/2014 04:30;Strada Urbana;VIALE GIUSEPPE GENOESE ZERBI;in corrispondenza;;del civico n.;113;;Veicolo in marcia contro ostacolo fisso;Rettilineo;Una carreggiata a senso unico di marcia;Asciutto;Asfaltata;Verticale ed orizzontale;Sereno;Scarso;Buona;Sufficiente;1;0;0;0;12.29336;41.73845;-1;1;Autovettura privata;In marcia / fermata / arresto;Conducente;F;Rimandato;0;NON DECEDUTO;Non accertato;Inesploso
2187640;17;02/11/2014 16:00;Strada Urbana;LUNGOTEVERE IN SASSIA;da specificare;;;;prossimità Ponte Vittorio;Tamponamento;Rettilineo;Una carreggiata a senso unico di marcia;Asciutto;Asfaltata;Assente;Sereno;Normale;Buona;Ore Diurne;1;0;0;3;12.46382;41.90153;-1;1;Autovettura privata;In marcia / fermata / arresto;Conducente;F;Illeso;0;;Non accertato;Inesploso
2187640;17;02/11/2014 16:00;Strada Urbana;LUNGOTEVERE IN SASSIA;da specificare;;;;prossimità Ponte Vittorio;Tamponamento;Rettilineo;Una carreggiata a senso unico di marcia;Asciutto;Asfaltata;Assente;Sereno;Normale;Buona;Ore Diurne;1;0;0;3;12.46382;41.90153;-1;1;Autovettura privata;In marcia / fermata / arresto;Passeggero;F;Illeso;0;;Non accertato;Inesploso
2187640;17;02/11/2014 16:00;Strada Urbana;LUNGOTEVERE IN SASSIA;da specificare;;;;prossimità Ponte Vittorio;Tamponamento;Rettilineo;Una carreggiata a senso unico di marcia;Asciutto;Asfaltata;Assente;Sereno;Normale;Buona;Ore Diurne;1;0;0;3;12.46382;41.90153;-1;2;Autovettura privata;In marcia / fermata / arresto;Conducente;F;Illeso;0;;Non accertato;Inesploso
2187640;17;02/11/2014 16:00;Strada Urbana;LUNGOTEVERE IN SASSIA;da specificare;;;;prossimità Ponte Vittorio;Tamponamento;Rettilineo;Una carreggiata a senso unico di marcia;Asciutto;Asfaltata;Assente;Sereno;Normale;Buona;Ore Diurne;1;0;0;3;12.46382;41.90153;-1;2;Autovettura privata;In marcia / fermata / arresto;Passeggero;M;Rimandato;0;NON DECEDUTO;Non accertato;Inesploso
2187652;3;02/11/2014 20:22;Strada Urbana;VIA LAZZARO SPALLANZANI;in corrispondenza;;del civico n.;14;;Scontro laterale fra veicoli in marcia;Rettilineo;Una carreggiata a doppio senso;Asciutto;Asfaltata;Verticale ed orizzontale;Sereno;Scarso;Buona;Sufficiente;2;0;0;0;12.50946;41.91344;-1;1;Motociclo a solo;In marcia / fermata / arresto;Conducente;M;Rimandato;0;NON DECEDUTO;Non accertato;
2187652;3;02/11/2014 20:22;Strada Urbana;VIA LAZZARO SPALLANZANI;in corrispondenza;;del civico n.;14;;Scontro laterale fra veicoli in marcia;Rettilineo;Una carreggiata a doppio senso;Asciutto;Asfaltata;Verticale ed orizzontale;Sereno;Scarso;Buona;Sufficiente;2;0;0;0;12.50946;41.91344;-1;2;Motociclo a solo;In marcia / fermata / arresto;Conducente;M;Rimandato;0;NON DECEDUTO;Utilizzato;
2187663;3;03/11/2014 00:45;Strada Urbana;VIA NOMENTANA;all'intersezione semaforizzata con;VIALE REGINA MARGHERITA;VIALE REGINA MARGHERITA;;;Scontro laterale fra veicoli in marcia;Intersezione semaforizzata;Più di due carreggiate;Asciutto;Asfaltata;Verticale ed orizzontale;Sereno;Normale;Sufficiente;Sufficiente;1;0;0;2;12.5066;41.91296;-1;1;Autovettura privata;In marcia / fermata / arresto;Conducente;M;Rimandato;0;NON DECEDUTO;Non accertato;Inesploso
2187663;3;03/11/2014 00:45;Strada Urbana;VIA NOMENTANA;all'intersezione semaforizzata con;VIALE REGINA MARGHERITA;VIALE REGINA MARGHERITA;;;Scontro laterale fra veicoli in marcia;Intersezione semaforizzata;Più di due carreggiate;Asciutto;Asfaltata;Verticale ed orizzontale;Sereno;Normale;Sufficiente;Sufficiente;1;0;0;2;12.5066;41.91296;-1;2;Autovettura privata;In marcia / fermata / arresto;Conducente;M;Illeso;0;;Non accertato;Inesploso
2187663;3;03/11/2014 00:45;Strada Urbana;VIA NOMENTANA;all'intersezione semaforizzata con;VIALE REGINA MARGHERITA;VIALE REGINA MARGHERITA;;;Scontro laterale fra veicoli in marcia;Intersezione semaforizzata;Più di due carreggiate;Asciutto;Asfaltata;Verticale ed orizzontale;Sereno;Normale;Sufficiente;Sufficiente;1;0;0;2;12.5066;41.91296;-1;2;Autovettura privata;In marcia / fermata / arresto;Passeggero;F;Illeso;0;;Non accertato;Inesploso
2187671;9;03/11/2014 09:45;Strada Urbana;VIA BRITANNIA;all'intersezione con;VIA CUTILIA;VIA CUTILIA;;;Scontro frontale/laterale DX fra veicoli in marcia;Incrocio;Una carreggiata a doppio senso;Asciutto;Asfaltata;Verticale ed orizzontale;Sereno;Normale;Buona;Ore Diurne;2;0;0;2;12.50822;41.87942;-1;1;Autovettura privata;In marcia / fermata / arresto;Conducente;F;Illeso;0;;Utilizzato;Inesploso
2187671;9;03/11/2014 09:45;Strada Urbana;VIA BRITANNIA;all'intersezione con;VIA CUTILIA;VIA CUTILIA;;;Scontro frontale/laterale DX fra veicoli in marcia;Incrocio;Una carreggiata a doppio senso;Asciutto;Asfaltata;Verticale ed orizzontale;Sereno;Normale;Buona;Ore Diurne;2;0;0;2;12.50822;41.87942;-1;2;Motociclo con passeggero;In marcia / fermata / arresto;Conducente;M;Rimandato;0;NON DECEDUTO;Utilizzato;
2187671;9;03/11/2014 09:45;Strada Urbana;VIA BRITANNIA;all'intersezione con;VIA CUTILIA;VIA CUTILIA;;;Scontro frontale/laterale DX fra veicoli in marcia;Incrocio;Una carreggiata a doppio senso;Asciutto;Asfaltata;Verticale ed orizzontale;Sereno;Normale;Buona;Ore Diurne;2;0;0;2;12.50822;41.87942;-1;2;Motociclo con passeggero;In marcia / fermata / arresto;Passeggero;M;Rimandato;0;NON DECEDUTO;Utilizzato;
2187671;9;03/11/2014 09:45;Strada Urbana;VIA BRITANNIA;all'intersezione con;VIA CUTILIA;VIA CUTILIA;;;Scontro frontale/laterale DX fra veicoli in marcia;Incrocio;Una carreggiata a doppio senso;Asciutto;Asfaltata;Verticale ed orizzontale;Sereno;Normale;Buona;Ore Diurne;2;0;0;2;12.50822;41.87942;-1;3;Autovettura privata;In marcia / fermata / arresto;Conducente;M;Illeso;0;;Utilizzato;Inesploso
2187685;23;01/11/2014 02:44;Strada Urbana;VIADOTTO ZELIA NUTTALL;all'intersezione con;VIALE DEI ROMAGNOLI;VIALE DEI ROMAGNOLI;;;Veicolo in marcia contro ostacolo fisso;Intersezione stradale segnalata;Una carreggiata a senso unico di marcia;Asciutto;Asfaltata;Verticale ed orizzontale;Sereno;Scarso;Buona;Sufficiente;1;0;0;0;12.33658;41.77448;-1;1;Autovettura privata;In marcia / fermata / arresto;Conducente;F;Ricoverato;0;NON DECEDUTO;Non accertato;Inesploso
2187702;17;01/11/2014;Strada Urbana;VIA CATULLO;in corrispondenza;;del civico n.;9/a;;Fuoriuscita dalla sede stradale;Rettilineo;Una carreggiata a senso unico di marcia;Asciutto;Asfaltata;Verticale ed orizzontale;Sereno;Normale;Buona;Sufficiente;0;0;0;1;12.46332;41.907;-1;1;Autovettura privata;In marcia / fermata / arresto;Conducente;F;Illeso;0;;;
2187724;1;01/11/2014 19:30;Strada Urbana;VIA EMANUELE FILIBERTO;in prossimità;;del civico n.;92;;Tamponamento;Rettilineo;Una carreggiata a doppio senso;Asciutto;Asfaltata;Verticale ed orizzontale;Sereno;Scarso;Buona;Sufficiente;0;0;0;5;12.50685;41.89009;-1;1;Autovettura pubblica;In marcia / fermata / arresto;Conducente;M;Illeso;0;;Non accertato;Inesploso
2187724;1;01/11/2014 19:30;Strada Urbana;VIA EMANUELE FILIBERTO;in prossimità;;del civico n.;92;;Tamponamento;Rettilineo;Una carreggiata a doppio senso;Asciutto;Asfaltata;Verticale ed orizzontale;Sereno;Scarso;Buona;Sufficiente;0;0;0;5;12.50685;41.89009;-1;2;Autovettura privata;In marcia / fermata / arresto;Conducente;M;Illeso;0;;Non accertato;Inesploso
2187724;1;01/11/2014 19:30;Strada Urbana;VIA EMANUELE FILIBERTO;in prossimità;;del civico n.;92;;Tamponamento;Rettilineo;Una carreggiata a doppio senso;Asciutto;Asfaltata;Verticale ed orizzontale;Sereno;Scarso;Buona;Sufficiente;0;0;0;5;12.50685;41.89009;-1;2;Autovettura privata;In marcia / fermata / arresto;Passeggero;M;Illeso;0;;Non accertato;Inesistente
2187724;1;01/11/2014 19:30;Strada Urbana;VIA EMANUELE FILIBERTO;in prossimità;;del civico n.;92;;Tamponamento;Rettilineo;Una carreggiata a doppio senso;Asciutto;Asfaltata;Verticale ed orizzontale;Sereno;Scarso;Buona;Sufficiente;0;0;0;5;12.50685;41.89009;-1;2;Autovettura privata;In marcia / fermata / arresto;Passeggero;M;Illeso;0;;Non accertato;Inesploso
2187724;1;01/11/2014 19:30;Strada Urbana;VIA EMANUELE FILIBERTO;in prossimità;;del civico n.;92;;Tamponamento;Rettilineo;Una carreggiata a doppio senso;Asciutto;Asfaltata;Verticale ed orizzontale;Sereno;Scarso;Buona;Sufficiente;0;0;0;5;12.50685;41.89009;-1;2;Autovettura privata;In marcia / fermata / arresto;Passeggero;M;Illeso;0;;Non accertato;Inesistente
2187728;16;01/11/2014 20:20;Strada Urbana;VIA AURELIA ANTICA;in corrispondenza;;del civico n.;286;;Scontro laterale fra veicoli in marcia;Rettilineo;Una carreggiata a doppio senso;Asciutto;Asfaltata;Verticale ed orizzontale;Sereno;Scarso;Sufficiente;Sufficiente;0;0;0;2;12.43603;41.89005;-1;1;Autovettura privata;In marcia / fermata / arresto;Conducente;M;Illeso;0;;Non accertato;Inesploso