Protocollo;Gruppo;DataOraIncidente;Localizzazione1;STRADA1;Localizzazione2;STRADA2;Strada02;Chilometrica;DaSpecificare;NaturaIncidente;particolaritastrade;TipoStrada;FondoStradale;Pavimentazione;Segnaletica;CondizioneAtmosferica;Traffico;Visibilita;Illuminazione;NUM_FERITI;NUM_RISERVATA;NUM_MORTI;NUM_ILLESI;Longitudine;Latitudine;Confermato;Progressivo;TipoVeicolo;StatoVeicolo;TipoPersona;Sesso;Tipolesione;Deceduto;DecedutoDopo;CinturaCascoUtilizzato;Airbag
2188510;13;03/11/2014 11:15;Strada Urbana;VIALE PAOLO ORLANDO;all'intersezione con;VIALE DELLA VITTORIA;VIALE DELLA VITTORIA;;;Scontro frontale/laterale DX fra veicoli in marcia;Intersezione semaforizzata;Due carreggiate;Asciutto;Asfaltata;Verticale ed orizzontale;Sereno;Normale;Sufficiente;Ore Diurne;0;0;0;5;12.28577;41.73104;-1;2;Autovettura privata;In marcia / fermata / arresto;Conducente;F;Illeso;0;;Non accertato;Inesploso
2188512;13;03/11/2014 16:10;Strada Urbana;VIALE DEI ROMAGNOLI;in prossimità;;del civico n.;2073;;Scontro laterale fra veicoli in marcia;Curva senza visuale libera;Una carreggiata a senso unico di marcia;Asciutto;Asfaltata;Verticale ed orizzontale;Sereno;Normale;Buona;Ore Diurne;0;0;0;3;12.35764;41.78316;-1;1;Autovettura privata;In marcia / fermata / arresto;Conducente;F;Illeso;0;;Non accertato;Inesploso
2188512;13;03/11/2014 16:10;Strada Urbana;VIALE DEI ROMAGNOLI;in prossimità;;del civico n.;2073;;Scontro laterale fra veicoli in marcia;Curva senza visuale libera;Una carreggiata a senso unico di marcia;Asciutto;Asfaltata;Verticale ed orizzontale;Sereno;Normale;Buona;Ore Diurne;0;0;0;3;12.35764;41.78316;-1;2;Autovettura privata;In marcia / fermata / arresto;Conducente;M;Illeso;0;;Non accertato;Inesploso
2188512;13;03/11/2014 16:10;Strada Urbana;VIALE DEI ROMAGNOLI;in prossimità;;del civico n.;2073;;Scontro laterale fra veicoli in marcia;Curva senza visuale libera;Una carreggiata a senso unico di marcia;Asciutto;Asfaltata;Verticale ed orizzontale;Sereno;Normale;Buona;Ore Diurne;0;0;0;3;12.35764;41.78316;-1;2;Autovettura privata;In marcia / fermata / arresto;Passeggero;M;Illeso;0;;Non accertato;Inesistente
2188525;11;03/11/2014 18:04;Strada Urbana;VIA GIOVANNI BATTISTA MAGNAGHI;da specificare;;;;alt. entrata Parco Pubblico pross.tà V. I. Persico;Veicolo in marcia contro ostacolo accidentale;Rettilineo;Una carreggiata a senso unico di marcia;Asciutto;Asfaltata;Verticale ed orizzontale;Sereno;Normale;Buona;Sufficiente;0;0;0;1;12.48817;41.86574;-1;1;Autovettura privata;In marcia / fermata / arresto;Conducente;F;Illeso;0;;Non accertato;
2188529;20;04/11/2014 07:00;Strada Urbana;VIA ROBERTO MORRA DI LAVRIANO;all'intersezione con;VIALE DELLE OLIMPIADI;VIALE DELLE OLIMPIADI;;;Scontro laterale fra veicoli in marcia;Incrocio;Una carreggiata a senso unico di marcia;Bagnato (pioggia);Asfaltata;Verticale ed orizzontale;Sereno;Intenso;Buona;Ore Diurne;0;0;1;1;12.45783;41.92631;-1;1;Autotreno;In marcia / fermata / arresto;Conducente;M;Illeso;0;;Non accertato;Inesistente
2188529;20;04/11/2014 07:00;Strada Urbana;VIA ROBERTO MORRA DI LAVRIANO;all'intersezione con;VIALE DELLE OLIMPIADI;VIALE DELLE OLIMPIADI;;;Scontro laterale fra veicoli in marcia;Incrocio;Una carreggiata a senso unico di marcia;Bagnato (pioggia);Asfaltata;Verticale ed orizzontale;Sereno;Intenso;Buona;Ore Diurne;0;0;1;1;12.45783;41.92631;-1;3;Motociclo a solo;In marcia / fermata / arresto;Conducente;M;Ricoverato;0;DECEDUTO DA 13 A 24 ORE DOPO;Non accertato;
2188532;6;03/11/2014 18:30;Statale entro l'abitato;VIA CASILINA;in corrispondenza;;del civico n.;647;;Veicolo in marcia contro veicoli in arresto;Rettilineo;Una carreggiata a doppio senso;Asciutto;Asfaltata;Orizzontale;Sereno;Normale;Sufficiente;Sufficiente;1;0;0;8;12.54864;41.87797;-1;1;Autovettura privata;In marcia / fermata / arresto;Conducente;M;Illeso;0;;;
2188532;6;03/11/2014 18:30;Statale entro l'abitato;VIA CASILINA;in corrispondenza;;del civico n.;647;;Veicolo in marcia contro veicoli in arresto;Rettilineo;Una carreggiata a doppio senso;Asciutto;Asfaltata;Orizzontale;Sereno;Normale;Sufficiente;Sufficiente;1;0;0;8;12.54864;41.87797;-1;1;Autovettura privata;In marcia / fermata / arresto;Passeggero;M;Illeso;0;;;
2188532;6;03/11/2014 18:30;Statale entro l'abitato;VIA CASILINA;in corrispondenza;;del civico n.;647;;Veicolo in marcia contro veicoli in arresto;Rettilineo;Una carreggiata a doppio senso;Asciutto;Asfaltata;Orizzontale;Sereno;Normale;Sufficiente;Sufficiente;1;0;0;8;12.54864;41.87797;-1;2;Autovettura privata;In marcia / fermata / arresto;Conducente;M;Rimandato;0;NON DECEDUTO;Non accertato;
2188532;6;03/11/2014 18:30;Statale entro l'abitato;VIA CASILINA;in corrispondenza;;del civico n.;647;;Veicolo in marcia contro veicoli in arresto;Rettilineo;Una carreggiata a doppio senso;Asciutto;Asfaltata;Orizzontale;Sereno;Normale;Sufficiente;Sufficiente;1;0;0;8;12.54864;41.87797;-1;2;Autovettura privata;In marcia / fermata / arresto;Passeggero;M;Illeso;0;;Non accertato;Inesploso
2188532;6;03/11/2014 18:30;Statale entro l'abitato;VIA CASILINA;in corrispondenza;;del civico n.;647;;Veicolo in marcia contro veicoli in arresto;Rettilineo;Una carreggiata a doppio senso;Asciutto;Asfaltata;Orizzontale;Sereno;Normale;Sufficiente;Sufficiente;1;0;0;8;12.54864;41.87797;-1;3;Autovettura privata;In marcia / fermata / arresto;Conducente;M;Illeso;0;;Non accertato;
2188532;6;03/11/2014 18:30;Statale entro l'abitato;VIA CASILINA;in corrispondenza;;del civico n.;647;;Veicolo in marcia contro veicoli in arresto;Rettilineo;Una carreggiata a doppio senso;Asciutto;Asfaltata;Orizzontale;Sereno;Normale;Sufficiente;Sufficiente;1;0;0;8;12.54864;41.87797;-1;4;Autovettura privata;In marcia / fermata / arresto;Conducente;M;Illeso;0;;Non accertato;
2188532;6;03/11/2014 18:30;Statale entro l'abitato;VIA CASILINA;in corrispondenza;;del civico n.;647;;Veicolo in marcia contro veicoli in arresto;Rettilineo;Una carreggiata a doppio senso;Asciutto;Asfaltata;Orizzontale;Sereno;Normale;Sufficiente;Sufficiente;1;0;0;8;12.54864;41.87797;-1;5;Autovettura pubblica;In marcia / fermata / arresto;Conducente;M;Illeso;0;;Non accertato;Inesploso
2188532;6;03/11/2014 18:30;Statale entro l'abitato;VIA CASILINA;in corrispondenza;;del civico n.;647;;Veicolo in marcia contro veicoli in arresto;Rettilineo;Una carreggiata a doppio senso;Asciutto;Asfaltata;Orizzontale;Sereno;Normale;Sufficiente;Sufficiente;1;0;0;8;12.54864;41.87797;-1;5;Autovettura pubblica;In marcia / fermata / arresto;Passeggero;F;Illeso;0;;;
2188532;6;03/11/2014 18:30;Statale entro l'abitato;VIA CASILINA;in corrispondenza;;del civico n.;647;;Veicolo in marcia contro veicoli in arresto;Rettilineo;Una carreggiata a doppio senso;Asciutto;Asfaltata;Orizzontale;Sereno;Normale;Sufficiente;Sufficiente;1;0;0;8;12.54864;41.87797;-1;5;Autovettura pubblica;In marcia / fermata / arresto;Passeggero;M;Illeso;0;;Non accertato;
2188537;13;03/11/2014 11:30;Strada Urbana;VIA DELL'IDROSCALO;all'intersezione con;VIA DELLA MARTINICA;VIA DELLA MARTINICA;;;Scontro laterale fra veicoli in marcia;Incrocio;Una carreggiata a doppio senso;Asciutto;Asfaltata;Verticale ed orizzontale;Sereno;Normale;Buona;Ore Diurne;1;0;0;1;12.26224;41.73738;-1;1;Autovettura privata;In marcia / fermata / arresto;Conducente;F;Rimandato;0;NON DECEDUTO;;Esploso
2188537;13;03/11/2014 11:30;Strada Urbana;VIA DELL'IDROSCALO;all'intersezione con;VIA DELLA MARTINICA;VIA DELLA MARTINICA;;;Scontro laterale fra veicoli in marcia;Incrocio;Una carreggiata a doppio senso;Asciutto;Asfaltata;Verticale ed orizzontale;Sereno;Normale;Buona;Ore Diurne;1;0;0;1;12.26224;41.73738;-1;2;Autovettura privata;In marcia / fermata / arresto;Conducente;M;Illeso;0;;Non accertato;Esploso
2188543;11;03/11/2014 18:50;Strada Urbana;VIALE LEONARDO DA VINCI;all'intersezione con;VIA GALLIENO;VIA GALLIENO;;;Tamponamento;Incrocio;Due carreggiate;Asciutto;Asfaltata;Verticale ed orizzontale;Sereno;Normale;Buona;Sufficiente;1;0;0;3;12.48068;41.85548;-1;1;Autovettura privata;In marcia / fermata / arresto;Conducente;M;Illeso;0;;Non accertato;
2188543;11;03/11/2014 18:50;Strada Urbana;VIALE LEONARDO DA VINCI;all'intersezione con;VIA GALLIENO;VIA GALLIENO;;;Tamponamento;Incrocio;Due carreggiate;Asciutto;Asfaltata;Verticale ed orizzontale;Sereno;Normale;Buona;Sufficiente;1;0;0;3;12.48068;41.85548;-1;1;Autovettura privata;In marcia / fermata / arresto;Passeggero;M;Illeso;0;;Utilizzato;
2188543;11;03/11/2014 18:50;Strada Urbana;VIALE LEONARDO DA VINCI;all'intersezione con;VIA GALLIENO;VIA GALLIENO;;;Tamponamento;Incrocio;Due carreggiate;Asciutto;Asfaltata;Verticale ed orizzontale;Sereno;Normale;Buona;Sufficiente;1;0;0;3;12.48068;41.85548;-1;1;Autovettura privata;In marcia / fermata / arresto;Passeggero;F;Illeso;0;;Non accertato;
2188543;11;03/11/2014 18:50;Strada Urbana;VIALE LEONARDO DA VINCI;all'intersezione con;VIA GALLIENO;VIA GALLIENO;;;Tamponamento;Incrocio;Due carreggiate;Asciutto;Asfaltata;Verticale ed orizzontale;Sereno;Normale;Buona;Sufficiente;1;0;0;3;12.48068;41.85548;-1;2;Motociclo a solo;In marcia / fermata / arresto;Conducente;F;Rifiuta cure immediate;0;NON DECEDUTO;Non accertato;
2188549;13;03/11/2014 07:50;Strada Urbana;VIA CAPO SPARTIVENTO;in corrispondenza;;del civico n.;105;;Scontro laterale fra veicoli in marcia;Rettilineo;Due carreggiate;Asciutto;Asfaltata;Verticale ed orizzontale;Sereno;Normale;Buona;Ore Diurne;0;0;0;2;12.28692;41.73889;-1;1;Autovettura privata;In marcia / fermata / arresto;Conducente;F;Illeso;0;;Non accertato;Inesploso
2188549;13;03/11/2014 07:50;Strada Urbana;VIA CAPO SPARTIVENTO;in corrispondenza;;del civico n.;105;;Scontro laterale fra veicoli in marcia;Rettilineo;Due carreggiate;Asciutto;Asfaltata;Verticale ed orizzontale;Sereno;Normale;Buona;Ore Diurne;0;0;0;2;12.28692;41.73889;-1;2;Autovettura privata;In marcia / fermata / arresto;Conducente;M;Illeso;0;;Non accertato;Inesploso
2188553;10;03/11/2014 08:55;Strada Urbana;PIAZZA QUINTO CURZIO;all'intersezione con;VIA QUINTO PUBLICIO;VIA QUINTO PUBLICIO;;;Scontro laterale fra veicoli in marcia;Incrocio;Una carreggiata a senso unico di marcia;Asciutto;Asfaltata;Verticale ed orizzontale;Sereno;Normale;Buona;Ore Diurne;0;0;0;2;12.56829;41.85581;-1;1;Autocarro inferiore 35 q.;In marcia / fermata / arresto;Conducente;M;Illeso;0;;Non accertato;Inesploso
2188553;10;03/11/2014 08:55;Strada Urbana;PIAZZA QUINTO CURZIO;all'intersezione con;VIA QUINTO PUBLICIO;VIA QUINTO PUBLICIO;;;Scontro laterale fra veicoli in marcia;Incrocio;Una carreggiata a senso unico di marcia;Asciutto;Asfaltata;Verticale ed orizzontale;Sereno;Normale;Buona;Ore Diurne;0;0;0;2;12.56829;41.85581;-1;2;Autovettura privata;In marcia / fermata / arresto;Conducente;M;Illeso;0;;Non accertato;Inesploso
2188574;10;03/11/2014 17:40;Strada Urbana;VIA ANAGNINA;da specificare;;;;in prossimità via Cinque Frondi;Tamponamento;Rettilineo;Una carreggiata a senso unico di marcia;Asciutto;Asfaltata;Verticale ed orizzontale;Sereno;Normale;Buona;Sufficiente;0;0;0;2;12.58964;41.83852;-1;1;Autovettura privata;In marcia / fermata / arresto;Conducente;M;Illeso;0;;Non accertato;Inesploso
2188574;10;03/11/2014 17:40;Strada Urbana;VIA ANAGNINA;da specificare;;;;in prossimità via Cinque Frondi;Tamponamento;Rettilineo;Una carreggiata a senso unico di marcia;Asciutto;Asfaltata;Verticale ed orizzontale;Sereno;Normale;Buona;Sufficiente;0;0;0;2;12.58964;41.83852;-1;2;Autovettura privata;In marcia / fermata / arresto;Conducente;M;Illeso;0;;Non accertato;Inesploso
2188581;11;03/11/2014 18:00;Strada Urbana;VIALE LONDRA;da specificare;;;;prossimità Via Atene;Scontro laterale fra veicoli in marcia;Rettilineo;Una carreggiata a doppio senso;Asciutto;Asfaltata;Verticale ed orizzontale;Sereno;Scarso;Buona;Sufficiente;0;0;0;4;12.51259;41.8415;-1;1;Autovettura privata;In marcia / fermata / arresto;Conducente;M;Illeso;0;;;
2188581;11;03/11/2014 18:00;Strada Urbana;VIALE LONDRA;da specificare;;;;prossimità Via Atene;Scontro laterale fra veicoli in marcia;Rettilineo;Una carreggiata a doppio senso;Asciutto;Asfaltata;Verticale ed orizzontale;Sereno;Scarso;Buona;Sufficiente;0;0;0;4;12.51259;41.8415;-1;1;Autovettura privata;In marcia / fermata / arresto;Passeggero;F;Illeso;0;;;
2188581;11;03/11/2014 18:00;Strada Urbana;VIALE LONDRA;da specificare;;;;prossimità Via Atene;Scontro laterale fra veicoli in marcia;Rettilineo;Una carreggiata a doppio senso;Asciutto;Asfaltata;Verticale ed orizzontale;Sereno;Scarso;Buona;Sufficiente;0;0;0;4;12.51259;41.8415;-1;2;Autovettura privata;In marcia / fermata / arresto;Conducente;M;Illeso;0;;;
2188581;11;03/11/2014 18:00;Strada Urbana;VIALE LONDRA;da specificare;;;;prossimità Via Atene;Scontro laterale fra veicoli in marcia;Rettilineo;Una carreggiata a doppio senso;Asciutto;Asfaltata;Verticale ed orizzontale;Sereno;Scarso;Buona;Sufficiente;0;0;0;4;12.51259;41.8415;-1;2;Autovettura privata;In marcia / fermata / arresto;Passeggero;F;Illeso;0;;;
2188592;17;03/11/2014 14:00;Strada Urbana;VIA SANTAMAURA;in prossimità;;del civico n.;11;;Veicolo in marcia contro ostacolo accidentale;Rettilineo;Una carreggiata a senso unico di marcia;Asciutto;Asfaltata;Verticale ed orizzontale;Sereno;Normale;Buona;Ore Diurne;2;0;0;0;12.45395;41.90787;-1;1;Motociclo con passeggero;In marcia / fermata / arresto;Conducente;M;Rimandato;0;NON DECEDUTO;;
2188592;17;03/11/2014 14:00;Strada Urbana;VIA SANTAMAURA;in prossimità;;del civico n.;11;;Veicolo in marcia contro ostacolo accidentale;Rettilineo;Una carreggiata a senso unico di marcia;Asciutto;Asfaltata;Verticale ed orizzontale;Sereno;Normale;Buona;Ore Diurne;2;0;0;0;12.45395;41.90787;-1;1;Motociclo con passeggero;In marcia / fermata / arresto;Passeggero;F;Rimandato;0;NON DECEDUTO;Non accertato;
2188593;11;03/11/2014 19:20;Strada Urbana;VIA APPIA PIGNATELLI;da specificare;;;;altezza civ.198;Scontro laterale fra veicoli in marcia;Rettilineo;Una carreggiata a doppio senso;Asciutto;Asfaltata;Orizzontale;Sereno;Normale;Buona;Sufficiente;0;0;0;6;12.53402;41.84783;-1;1;Autovettura privata;In marcia / fermata / arresto;Conducente;M;Illeso;0;;Non accertato;
2188593;11;03/11/2014 19:20;Strada Urbana;VIA APPIA PIGNATELLI;da specificare;;;;altezza civ.198;Scontro laterale fra veicoli in marcia;Rettilineo;Una carreggiata a doppio senso;Asciutto;Asfaltata;Orizzontale;Sereno;Normale;Buona;Sufficiente;0;0;0;6;12.53402;41.84783;-1;2;Autovettura privata;In marcia / fermata / arresto;Conducente;M;Illeso;0;;Non accertato;
2188593;11;03/11/2014 19:20;Strada Urbana;VIA APPIA PIGNATELLI;da specificare;;;;altezza civ.198;Scontro laterale fra veicoli in marcia;Rettilineo;Una carreggiata a doppio senso;Asciutto;Asfaltata;Orizzontale;Sereno;Normale;Buona;Sufficiente;0;0;0;6;12.53402;41.84783;-1;2;Autovettura privata;In marcia / fermata / arresto;Passeggero;M;Illeso;0;;Non accertato;
2188593;11;03/11/2014 19:20;Strada Urbana;VIA APPIA PIGNATELLI;da specificare;;;;altezza civ.198;Scontro laterale fra veicoli in marcia;Rettilineo;Una carreggiata a doppio senso;Asciutto;Asfaltata;Orizzontale;Sereno;Normale;Buona;Sufficiente;0;0;0;6;12.53402;41.84783;-1;2;Autovettura privata;In marcia / fermata / arresto;Passeggero;M;Illeso;0;;Non accertato;
2188593;11;03/11/2014 19:20;Strada Urbana;VIA APPIA PIGNATELLI;da specificare;;;;altezza civ.198;Scontro laterale fra veicoli in marcia;Rettilineo;Una carreggiata a doppio senso;Asciutto;Asfaltata;Orizzontale;Sereno;Normale;Buona;Sufficiente;0;0;0;6;12.53402;41.84783;-1;2;Autovettura privata;In marcia / fermata / arresto;Passeggero;M;Illeso;0;;Non accertato;
2188593;11;03/11/2014 19:20;Strada Urbana;VIA APPIA PIGNATELLI;da specificare;;;;altezza civ.198;Scontro laterale fra veicoli in marcia;Rettilineo;Una carreggiata a doppio senso;Asciutto;Asfaltata;Orizzontale;Sereno;Normale;Buona;Sufficiente;0;0;0;6;12.53402;41.84783;-1;2;Autovettura privata;In marcia / fermata / arresto;Passeggero;M;Illeso;0;;Non accertato;
2188605;17;03/11/2014 08:15;Strada Urbana;VIA GIUSEPPE FERRARI;in corrispondenza;;del civico n.;41;;Veicolo in marcia contro veicolo arresto;Rettilineo;Una carreggiata a doppio senso;Asciutto;Asfaltata;Verticale ed orizzontale;Sereno;Normale;Buona;Ore Diurne;1;0;0;2;12.46431;41.91444;-1;1;Motociclo con passeggero;In marcia / fermata / arresto;Conducente;M;Illeso;0;;Non accertato;
2188605;17;03/11/2014 08:15;Strada Urbana;VIA GIUSEPPE FERRARI;in corrispondenza;;del civico n.;41;;Veicolo in marcia contro veicolo arresto;Rettilineo;Una carreggiata a doppio senso;Asciutto;Asfaltata;Verticale ed orizzontale;Sereno;Normale;Buona;Ore Diurne;1;0;0;2;12.46431;41.91444;-1;1;Motociclo con passeggero;In marcia / fermata / arresto;Passeggero;M;Rimandato;0;NON DECEDUTO;Utilizzato;
2188605;17;03/11/2014 08:15;Strada Urbana;VIA GIUSEPPE FERRARI;in corrispondenza;;del civico n.;41;;Veicolo in marcia contro veicolo arresto;Rettilineo;Una carreggiata a doppio senso;Asciutto;Asfaltata;Verticale ed orizzontale;Sereno;Normale;Buona;Ore Diurne;1;0;0;2;12.46431;41.91444;-1;2;Autovettura privata;In marcia / fermata / arresto;Conducente;F;Illeso;0;;Non accertato;Inesploso
2188616;7;04/11/2014 01:45;Strada Urbana;VIA COLLATINA;all'intersezione con;VIA PIO SEMEGHINI;VIA PIO SEMEGHINI;;;Tamponamento;Incrocio;Una carreggiata a doppio senso;Asciutto;Asfaltata;Verticale ed orizzontale;Sereno;Scarso;Sufficiente;Sufficiente;0;0;0;2;12.60528;41.90487;-1;1;Autovettura privata;In marcia / fermata / arresto;Conducente;M;Illeso;0;;Non accertato;Inesploso
2188616;7;04/11/2014 01:45;Strada Urbana;VIA COLLATINA;all'intersezione con;VIA PIO SEMEGHINI;VIA PIO SEMEGHINI;;;Tamponamento;Incrocio;Una carreggiata a doppio senso;Asciutto;Asfaltata;Verticale ed orizzontale;Sereno;Scarso;Sufficiente;Sufficiente;0;0;0;2;12.60528;41.90487;-1;2;Autovettura privata;In marcia / fermata / arresto;Conducente;M;Illeso;0;;Non accertato;Inesploso
2188626;18;01/11/2014 12:50;Strada Urbana;VIA VALLE DELLA QUISTIONE;all'intersezione con;VIA TONENGO;VIA TONENGO;;;Scontro laterale fra veicoli in marcia;Incrocio;Una carreggiata a doppio senso;Asciutto;Asfaltata;Assente;Sereno;Scarso;Sufficiente;Ore Diurne;1;0;0;2;12.36456;41.91298;-1;1;Autovettura privata;In marcia / fermata / arresto;Conducente;F;Illeso;0;;Non accertato;Inesploso
2188626;18;01/11/2014 12:50;Strada Urbana;VIA VALLE DELLA QUISTIONE;all'intersezione con;VIA TONENGO;VIA TONENGO;;;Scontro laterale fra veicoli in marcia;Incrocio;Una carreggiata a doppio senso;Asciutto;Asfaltata;Assente;Sereno;Scarso;Sufficiente;Ore Diurne;1;0;0;2;12.36456;41.91298;-1;1;Autovettura privata;In marcia / fermata / arresto;Passeggero;F;Rimandato;0;NON DECEDUTO;Non accertato;Inesploso
2188626;18;01/11/2014 12:50;Strada Urbana;VIA VALLE DELLA QUISTIONE;all'intersezione con;VIA TONENGO;VIA TONENGO;;;Scontro laterale fra veicoli in marcia;Incrocio;Una carreggiata a doppio senso;Asciutto;Asfaltata;Assente;Sereno;Scarso;Sufficiente;Ore Diurne;1;0;0;2;12.36456;41.91298;-1;2;Autovettura privata;In marcia / fermata / arresto;Conducente;M;Illeso;0;;Non accertato;Inesploso
2188632;2;04/11/2014 06:45;Strada Urbana;VIA LUIGI LUCIANI;in prossimità;;del civico n.;51;;Veicolo in marcia contro veicolo in sosta;Pendenza;Una carreggiata a senso unico di marcia;Bagnato (pioggia);Asfaltata;Verticale ed orizzontale;Nuvoloso;Scarso;Buona;Ore Diurne;0;0;0;1;12.48088;41.92264;-1;1;Autocarro inferiore 35 q.;In marcia / fermata / arresto;Conducente;M;Illeso;0;;Non accertato;Inesploso
2188639;1;03/11/2014 14:55;Strada Urbana;VIA CAVOUR;in prossimità;;del civico n.;114;;Investimento di pedone;Rettilineo;Una carreggiata a doppio senso;Asciutto;Asfaltata;Verticale ed orizzontale;Sereno;Normale;Buona;Ore Diurne;1;0;0;1;12.49425;41.89567;-1;;;;Pedone;M;Rimandato;0;NON DECEDUTO;;
2188639;1;03/11/2014 14:55;Strada Urbana;VIA CAVOUR;in prossimità;;del civico n.;114;;Investimento di pedone;Rettilineo;Una carreggiata a doppio senso;Asciutto;Asfaltata;Verticale ed orizzontale;Sereno;Normale;Buona;Ore Diurne;1;0;0;1;12.49425;41.89567;-1;1;Autovettura privata;In marcia / fermata / arresto;Conducente;M;Illeso;0;;Non accertato;Inesploso
2188650;18;03/11/2014 16:35;Strada Urbana;VIA DI TORREVECCHIA;in prossimità;;del civico n.;793;;Investimento di pedone;Rettilineo;Una carreggiata a doppio senso;Asciutto;Asfaltata;Verticale;Sereno;Normale;Sufficiente;Ore Diurne;1;0;0;1;12.4093;41.91889;-1;;;;Pedone;F;Rimandato;0;NON DECEDUTO;;
2188650;18;03/11/2014 16:35;Strada Urbana;VIA DI TORREVECCHIA;in prossimità;;del civico n.;793;;Investimento di pedone;Rettilineo;Una carreggiata a doppio senso;Asciutto;Asfaltata;Verticale;Sereno;Normale;Sufficiente;Ore Diurne;1;0;0;1;12.4093;41.91889;-1;1;Autovettura privata;In marcia / fermata / arresto;Conducente;M;Illeso;0;;Non accertato;Inesploso
2188661;4;03/11/2014 09:10;Strada Urbana;VIA VAGLIA;in corrispondenza;;del civico n.;19;;Investimento di pedone;Rettilineo;Una carreggiata a doppio senso;Asciutto;Asfaltata;Verticale ed orizzontale;Sereno;Normale;Buona;Ore Diurne;1;0;0;1;12.51416;41.94934;-1;;;;Pedone;M;Rimandato;0;NON DECEDUTO;;
2188661;4;03/11/2014 09:10;Strada Urbana;VIA VAGLIA;in corrispondenza;;del civico n.;19;;Investimento di pedone;Rettilineo;Una carreggiata a doppio senso;Asciutto;Asfaltata;Verticale ed orizzontale;Sereno;Normale;Buona;Ore Diurne;1;0;0;1;12.51416;41.94934;-1;1;Motociclo a solo;In marcia / fermata / arresto;Conducente;M;Illeso;0;;;
2188672;4;03/11/2014 17:35;Strada Urbana;VIA NOMENTANA;da specificare;;;;altezza G.R.A.;Scontro laterale fra veicoli in marcia;Rettilineo;Una carreggiata a doppio senso;Asciutto;Asfaltata;Verticale ed orizzontale;Sereno;Intenso;Buona;Ore Diurne;0;0;0;2;12.58026;41.95765;-1;1;Autovettura privata;In marcia / fermata / arresto;Conducente;F;Illeso;0;;Non accertato;
2188672;4;03/11/2014 17:35;Strada Urbana;VIA NOMENTANA;da specificare;;;;altezza G.R.A.;Scontro laterale fra veicoli in marcia;Rettilineo;Una carreggiata a doppio senso;Asciutto;Asfaltata;Verticale ed orizzontale;Sereno;Intenso;Buona;Ore Diurne;0;0;0;2;12.58026;41.95765;-1;2;Autoarticolato;In marcia / fermata / arresto;Conducente;M;Illeso;0;;Non accertato;
2188678;1;03/11/2014 13:45;Strada Urbana;LARGO CHIGI;in prossimità;;del civico n.;9;;Investimento di pedone;Rettilineo;Due carreggiate;Asciutto;Asfaltata;Verticale ed orizzontale;Sereno;Normale;Buona;Ore Diurne;1;0;0;1;12.48111;41.90226;-1;;;;Pedone;M;Ricoverato;0;NON DECEDUTO;;
2188678;1;03/11/2014 13:45;Strada Urbana;LARGO CHIGI;in prossimità;;del civico n.;9;;Investimento di pedone;Rettilineo;Due carreggiate;Asciutto;Asfaltata;Verticale ed orizzontale;Sereno;Normale;Buona;Ore Diurne;1;0;0;1;12.48111;41.90226;-1;1;Autovettura pubblica;In marcia / fermata / arresto;Conducente;M;Illeso;0;;Non accertato;Inesploso
2188682;11;03/11/2014 09:40;Strada Urbana;VIA DEL PORTO FLUVIALE;all'intersezione semaforizzata con;VIA DELLE CONCE;VIA DELLE CONCE;;;Scontro frontale/laterale DX fra veicoli in marcia;Incrocio;Due carreggiate;Asciutto;Asfaltata;Verticale ed orizzontale;Sereno;Normale;Buona;Ore Diurne;0;0;0;3;12.47868;41.87239;-1;1;Autovettura privata;In marcia / fermata / arresto;Conducente;M;Illeso;0;;Non accertato;
2188682;11;03/11/2014 09:40;Strada Urbana;VIA DEL PORTO FLUVIALE;all'intersezione semaforizzata con;VIA DELLE CONCE;VIA DELLE CONCE;;;Scontro frontale/laterale DX fra veicoli in marcia;Incrocio;Due carreggiate;Asciutto;Asfaltata;Verticale ed orizzontale;Sereno;Normale;Buona;Ore Diurne;0;0;0;3;12.47868;41.87239;-1;1;Autovettura privata;In marcia / fermata / arresto;Passeggero;F;Illeso;0;;Non accertato;
2188682;11;03/11/2014 09:40;Strada Urbana;VIA DEL PORTO FLUVIALE;all'intersezione semaforizzata con;VIA DELLE CONCE;VIA DELLE CONCE;;;Scontro frontale/laterale DX fra veicoli in marcia;Incrocio;Due carreggiate;Asciutto;Asfaltata;Verticale ed orizzontale;Sereno;Normale;Buona;Ore Diurne;0;0;0;3;12.47868;41.87239;-1;2;Autovettura privata;In marcia / fermata / arresto;Conducente;M;Illeso;0;;Utilizzato;
2188688;13;03/11/2014 16:00;Strada Urbana;VIA DI SAPONARA;all'intersezione con;VIA GINO BONICHI;VIA GINO BONICHI;;;Scontro frontale/laterale DX fra veicoli in marcia;Incrocio;Una carreggiata a doppio senso;Asciutto;Asfaltata;Verticale;Sereno;Intenso;Buona;Ore Diurne;0;0;0;4;12.34524;41.77414;-1;1;Autovettura privata;In marcia / fermata / arresto;Conducente;M;Illeso;0;;;Inesploso
2188688;13;03/11/2014 16:00;Strada Urbana;VIA DI SAPONARA;all'intersezione con;VIA GINO BONICHI;VIA GINO BONICHI;;;Scontro frontale/laterale DX fra veicoli in marcia;Incrocio;Una carreggiata a doppio senso;Asciutto;Asfaltata;Verticale;Sereno;Intenso;Buona;Ore Diurne;0;0;0;4;12.34524;41.77414;-1;1;Autovettura privata;In marcia / fermata / arresto;Passeggero;M;Illeso;0;;;