Protocollo;Gruppo;DataOraIncidente;Localizzazione1;STRADA1;Localizzazione2;STRADA2;Strada02;Chilometrica;DaSpecificare;NaturaIncidente;particolaritastrade;TipoStrada;FondoStradale;Pavimentazione;Segnaletica;CondizioneAtmosferica;Traffico;Visibilita;Illuminazione;NUM_FERITI;NUM_RISERVATA;NUM_MORTI;NUM_ILLESI;Longitudine;Latitudine;Confermato;Progressivo;TipoVeicolo;StatoVeicolo;TipoPersona;Sesso;Tipolesione;Deceduto;DecedutoDopo;CinturaCascoUtilizzato;Airbag
2189281;16;03/11/2014 12:45;Strada Urbana;PIAZZALE AURELIO;all'intersezione con;VIA DI S. PANCRAZIO;VIA DI S. PANCRAZIO;;;Scontro laterale fra veicoli in marcia;Incrocio;Una carreggiata a senso unico di marcia;Asciutto;Asfaltata;Verticale ed orizzontale;Sereno;Normale;Buona;Ore Diurne;0;0;0;3;12.46093;41.88826;-1;1;Autovettura privata;In marcia / fermata / arresto;Passeggero;M;Illeso;0;;Non accertato;
2189281;16;03/11/2014 12:45;Strada Urbana;PIAZZALE AURELIO;all'intersezione con;VIA DI S. PANCRAZIO;VIA DI S. PANCRAZIO;;;Scontro laterale fra veicoli in marcia;Incrocio;Una carreggiata a senso unico di marcia;Asciutto;Asfaltata;Verticale ed orizzontale;Sereno;Normale;Buona;Ore Diurne;0;0;0;3;12.46093;41.88826;-1;2;Autovettura privata;In marcia / fermata / arresto;Conducente;M;Illeso;0;;Non accertato;
2189283;18;01/11/2014 17:10;Strada Urbana;VIA DI CASALOTTI;da specificare;;;;fronte civico numero 80;Veicolo in marcia contro ostacolo accidentale;Rettilineo;Una carreggiata a doppio senso;Asciutto;Asfaltata;Verticale ed orizzontale;Sereno;Scarso;Buona;Ore Diurne;0;0;0;1;12.36853;41.91586;-1;1;Autobus di linea;In marcia / fermata / arresto;Conducente;M;Illeso;0;;Non accertato;Inesploso
2189298;16;03/11/2014 14:25;Strada Urbana;VIA DI BRAVETTA;in corrispondenza;;del civico n.;464;;Investimento di pedone;Rettilineo;Una carreggiata a doppio senso;Asciutto;Asfaltata;Verticale ed orizzontale;Sereno;Normale;Buona;Ore Diurne;2;0;0;6;12.42397;41.87495;-1;;;;Pedone;M;Rimandato;0;NON DECEDUTO;;
2189298;16;03/11/2014 14:25;Strada Urbana;VIA DI BRAVETTA;in corrispondenza;;del civico n.;464;;Investimento di pedone;Rettilineo;Una carreggiata a doppio senso;Asciutto;Asfaltata;Verticale ed orizzontale;Sereno;Normale;Buona;Ore Diurne;2;0;0;6;12.42397;41.87495;-1;;;;Pedone;F;Rimandato;0;NON DECEDUTO;;
2189298;16;03/11/2014 14:25;Strada Urbana;VIA DI BRAVETTA;in corrispondenza;;del civico n.;464;;Investimento di pedone;Rettilineo;Una carreggiata a doppio senso;Asciutto;Asfaltata;Verticale ed orizzontale;Sereno;Normale;Buona;Ore Diurne;2;0;0;6;12.42397;41.87495;-1;1;Autovettura privata;In marcia / fermata / arresto;Conducente;M;Illeso;0;;Non accertato;
2189298;16;03/11/2014 14:25;Strada Urbana;VIA DI BRAVETTA;in corrispondenza;;del civico n.;464;;Investimento di pedone;Rettilineo;Una carreggiata a doppio senso;Asciutto;Asfaltata;Verticale ed orizzontale;Sereno;Normale;Buona;Ore Diurne;2;0;0;6;12.42397;41.87495;-1;1;Autovettura privata;In marcia / fermata / arresto;Passeggero;M;Illeso;0;;Non accertato;Inesploso
2189298;16;03/11/2014 14:25;Strada Urbana;VIA DI BRAVETTA;in corrispondenza;;del civico n.;464;;Investimento di pedone;Rettilineo;Una carreggiata a doppio senso;Asciutto;Asfaltata;Verticale ed orizzontale;Sereno;Normale;Buona;Ore Diurne;2;0;0;6;12.42397;41.87495;-1;2;Autovettura privata;In marcia / fermata / arresto;Conducente;M;Illeso;0;;Non accertato;Inesploso
2189298;16;03/11/2014 14:25;Strada Urbana;VIA DI BRAVETTA;in corrispondenza;;del civico n.;464;;Investimento di pedone;Rettilineo;Una carreggiata a doppio senso;Asciutto;Asfaltata;Verticale ed orizzontale;Sereno;Normale;Buona;Ore Diurne;2;0;0;6;12.42397;41.87495;-1;2;Autovettura privata;In marcia / fermata / arresto;Passeggero;M;Illeso;0;;Non accertato;Inesploso
2189298;16;03/11/2014 14:25;Strada Urbana;VIA DI BRAVETTA;in corrispondenza;;del civico n.;464;;Investimento di pedone;Rettilineo;Una carreggiata a doppio senso;Asciutto;Asfaltata;Verticale ed orizzontale;Sereno;Normale;Buona;Ore Diurne;2;0;0;6;12.42397;41.87495;-1;3;Autovettura privata;In marcia / fermata / arresto;Conducente;F;Illeso;0;;Non accertato;Inesploso
2189298;16;03/11/2014 14:25;Strada Urbana;VIA DI BRAVETTA;in corrispondenza;;del civico n.;464;;Investimento di pedone;Rettilineo;Una carreggiata a doppio senso;Asciutto;Asfaltata;Verticale ed orizzontale;Sereno;Normale;Buona;Ore Diurne;2;0;0;6;12.42397;41.87495;-1;3;Autovettura privata;In marcia / fermata / arresto;Passeggero;F;Illeso;0;;Non accertato;Inesploso
2189303;9;04/11/2014 15:45;Strada Urbana;PIAZZA TUSCOLO;all'intersezione semaforizzata con;VIA BRITANNIA;VIA BRITANNIA;;;Scontro laterale fra veicoli in marcia;Rotatoria;Una carreggiata a senso unico di marcia;Asciutto;Asfaltata;Verticale ed orizzontale;Nuvoloso;Normale;Buona;Ore Diurne;1;0;0;1;12.50817;41.88011;-1;1;Autovettura privata;In marcia / fermata / arresto;Conducente;F;Illeso;0;;Non accertato;Inesploso
2189303;9;04/11/2014 15:45;Strada Urbana;PIAZZA TUSCOLO;all'intersezione semaforizzata con;VIA BRITANNIA;VIA BRITANNIA;;;Scontro laterale fra veicoli in marcia;Rotatoria;Una carreggiata a senso unico di marcia;Asciutto;Asfaltata;Verticale ed orizzontale;Nuvoloso;Normale;Buona;Ore Diurne;1;0;0;1;12.50817;41.88011;-1;2;Motociclo a solo;In marcia / fermata / arresto;Conducente;M;Rimandato;0;NON DECEDUTO;Non accertato;
2189307;18;01/11/2014 16:35;Strada Urbana;VIA MATTIA BATTISTINI;in corrispondenza;;del civico n.;78;;Scontro laterale fra veicoli in marcia;Rettilineo;Una carreggiata a doppio senso;Asciutto;Asfaltata;Verticale ed orizzontale;Sereno;Normale;Buona;Ore Diurne;1;0;0;2;12.41444;41.90637;-1;1;Motociclo a solo;In marcia / fermata / arresto;Conducente;F;Rifiuta cure immediate;0;NON DECEDUTO;Non accertato;
2189307;18;01/11/2014 16:35;Strada Urbana;VIA MATTIA BATTISTINI;in corrispondenza;;del civico n.;78;;Scontro laterale fra veicoli in marcia;Rettilineo;Una carreggiata a doppio senso;Asciutto;Asfaltata;Verticale ed orizzontale;Sereno;Normale;Buona;Ore Diurne;1;0;0;2;12.41444;41.90637;-1;2;Autovettura privata;In marcia / fermata / arresto;Conducente;F;Illeso;0;;Non accertato;Inesploso
2189307;18;01/11/2014 16:35;Strada Urbana;VIA MATTIA BATTISTINI;in corrispondenza;;del civico n.;78;;Scontro laterale fra veicoli in marcia;Rettilineo;Una carreggiata a doppio senso;Asciutto;Asfaltata;Verticale ed orizzontale;Sereno;Normale;Buona;Ore Diurne;1;0;0;2;12.41444;41.90637;-1;2;Autovettura privata;In marcia / fermata / arresto;Passeggero;M;Illeso;0;;Non accertato;Inesploso
2189309;16;03/11/2014 16:10;Strada Urbana;VIA ORESTE REGNOLI;all'intersezione con;VIA DEL VASCELLO;VIA DEL VASCELLO;;;Scontro frontale/laterale SX fra veicoli in marcia;Incrocio;Una carreggiata a senso unico di marcia;Asciutto;Asfaltata;Verticale ed orizzontale;Sereno;Normale;Buona;Ore Diurne;0;0;0;3;12.45974;41.88395;-1;1;Autovettura privata;In marcia / fermata / arresto;Conducente;M;Illeso;0;;Non accertato;
2189309;16;03/11/2014 16:10;Strada Urbana;VIA ORESTE REGNOLI;all'intersezione con;VIA DEL VASCELLO;VIA DEL VASCELLO;;;Scontro frontale/laterale SX fra veicoli in marcia;Incrocio;Una carreggiata a senso unico di marcia;Asciutto;Asfaltata;Verticale ed orizzontale;Sereno;Normale;Buona;Ore Diurne;0;0;0;3;12.45974;41.88395;-1;1;Autovettura privata;In marcia / fermata / arresto;Passeggero;M;Illeso;0;;Non accertato;
2189309;16;03/11/2014 16:10;Strada Urbana;VIA ORESTE REGNOLI;all'intersezione con;VIA DEL VASCELLO;VIA DEL VASCELLO;;;Scontro frontale/laterale SX fra veicoli in marcia;Incrocio;Una carreggiata a senso unico di marcia;Asciutto;Asfaltata;Verticale ed orizzontale;Sereno;Normale;Buona;Ore Diurne;0;0;0;3;12.45974;41.88395;-1;2;Autovettura privata;In marcia / fermata / arresto;Conducente;M;Illeso;0;;Non accertato;
2189316;16;03/11/2014 17:20;Strada Urbana;VIA DEGLI STRADIVARI;da specificare;;;;prossimità f.c.33;Scontro laterale fra veicoli in marcia;Rettilineo;Più di due carreggiate;Asciutto;Asfaltata;Assente;Sereno;Normale;Sufficiente;Sufficiente;1;0;0;1;12.46858;41.87466;-1;1;Autovettura privata;In marcia / fermata / arresto;Conducente;F;Illeso;0;;Non accertato;Inesploso
2189316;16;03/11/2014 17:20;Strada Urbana;VIA DEGLI STRADIVARI;da specificare;;;;prossimità f.c.33;Scontro laterale fra veicoli in marcia;Rettilineo;Più di due carreggiate;Asciutto;Asfaltata;Assente;Sereno;Normale;Sufficiente;Sufficiente;1;0;0;1;12.46858;41.87466;-1;2;Motociclo a solo;In marcia / fermata / arresto;Conducente;F;Rimandato;0;NON DECEDUTO;Non accertato;
2189341;15;04/11/2014 18:10;Strada Urbana;LUNGOTEVERE DI PIETRA PAPA;all'intersezione semaforizzata con;PIAZZA AUGUSTO RIGHI;PIAZZA AUGUSTO RIGHI;;;Scontro frontale/laterale SX fra veicoli in marcia;Intersezione semaforizzata;Due carreggiate;Bagnato (pioggia);Asfaltata;Verticale ed orizzontale;Nuvoloso;Intenso;Buona;Sufficiente;0;0;0;2;12.47023;41.86138;-1;1;Autovettura privata;In marcia / fermata / arresto;Conducente;F;Illeso;0;;Utilizzato;Inesploso
2189341;15;04/11/2014 18:10;Strada Urbana;LUNGOTEVERE DI PIETRA PAPA;all'intersezione semaforizzata con;PIAZZA AUGUSTO RIGHI;PIAZZA AUGUSTO RIGHI;;;Scontro frontale/laterale SX fra veicoli in marcia;Intersezione semaforizzata;Due carreggiate;Bagnato (pioggia);Asfaltata;Verticale ed orizzontale;Nuvoloso;Intenso;Buona;Sufficiente;0;0;0;2;12.47023;41.86138;-1;2;Autovettura privata;In marcia / fermata / arresto;Conducente;M;Illeso;0;;Utilizzato;Inesploso
2189450;15;04/11/2014 16:30;Strada Urbana;VIA PORTUENSE;in corrispondenza;;del civico n.;501;;Scontro frontale/laterale DX fra veicoli in marcia;Rettilineo;Una carreggiata a doppio senso;Bagnato (pioggia);Asfaltata;Verticale ed orizzontale;Nuvoloso;Normale;Buona;Ore Diurne;0;0;0;2;12.45115;41.85975;-1;1;Autovettura privata;In marcia / fermata / arresto;Conducente;M;Illeso;0;;Non accertato;Inesploso
2189450;15;04/11/2014 16:30;Strada Urbana;VIA PORTUENSE;in corrispondenza;;del civico n.;501;;Scontro frontale/laterale DX fra veicoli in marcia;Rettilineo;Una carreggiata a doppio senso;Bagnato (pioggia);Asfaltata;Verticale ed orizzontale;Nuvoloso;Normale;Buona;Ore Diurne;0;0;0;2;12.45115;41.85975;-1;2;Autovettura privata;In marcia / fermata / arresto;Conducente;M;Illeso;0;;Non accertato;Inesploso
2189453;15;04/11/2014 17:15;Strada Urbana;VIALE GUGLIELMO MARCONI;all'intersezione con;VIA ALBERTO EINSTEIN;VIA ALBERTO EINSTEIN;;;Tamponamento;Intersezione semaforizzata;Due carreggiate;Bagnato (pioggia);Asfaltata;Verticale ed orizzontale;Nuvoloso;Normale;Buona;Ore Diurne;0;0;0;5;12.46891;41.86577;-1;1;Autovettura privata;In marcia / fermata / arresto;Conducente;M;Illeso;0;;Utilizzato;Inesploso
2189453;15;04/11/2014 17:15;Strada Urbana;VIALE GUGLIELMO MARCONI;all'intersezione con;VIA ALBERTO EINSTEIN;VIA ALBERTO EINSTEIN;;;Tamponamento;Intersezione semaforizzata;Due carreggiate;Bagnato (pioggia);Asfaltata;Verticale ed orizzontale;Nuvoloso;Normale;Buona;Ore Diurne;0;0;0;5;12.46891;41.86577;-1;1;Autovettura privata;In marcia / fermata / arresto;Passeggero;F;Illeso;0;;Utilizzato;Inesploso
2189453;15;04/11/2014 17:15;Strada Urbana;VIALE GUGLIELMO MARCONI;all'intersezione con;VIA ALBERTO EINSTEIN;VIA ALBERTO EINSTEIN;;;Tamponamento;Intersezione semaforizzata;Due carreggiate;Bagnato (pioggia);Asfaltata;Verticale ed orizzontale;Nuvoloso;Normale;Buona;Ore Diurne;0;0;0;5;12.46891;41.86577;-1;1;Autovettura privata;In marcia / fermata / arresto;Passeggero;F;Illeso;0;;Utilizzato;Inesploso
2189453;15;04/11/2014 17:15;Strada Urbana;VIALE GUGLIELMO MARCONI;all'intersezione con;VIA ALBERTO EINSTEIN;VIA ALBERTO EINSTEIN;;;Tamponamento;Intersezione semaforizzata;Due carreggiate;Bagnato (pioggia);Asfaltata;Verticale ed orizzontale;Nuvoloso;Normale;Buona;Ore Diurne;0;0;0;5;12.46891;41.86577;-1;1;Autovettura privata;In marcia / fermata / arresto;Passeggero;F;Illeso;0;;Utilizzato;Inesploso
2189453;15;04/11/2014 17:15;Strada Urbana;VIALE GUGLIELMO MARCONI;all'intersezione con;VIA ALBERTO EINSTEIN;VIA ALBERTO EINSTEIN;;;Tamponamento;Intersezione semaforizzata;Due carreggiate;Bagnato (pioggia);Asfaltata;Verticale ed orizzontale;Nuvoloso;Normale;Buona;Ore Diurne;0;0;0;5;12.46891;41.86577;-1;2;Motociclo a solo;In marcia / fermata / arresto;Conducente;M;Illeso;0;;Utilizzato;
2189457;15;04/11/2014 18:40;Comunale extraurbana;VIA DI PONTE GALERIA;da specificare;;;;prox. fronte palo Acea 53;Veicolo in marcia contro ostacolo accidentale;Rettilineo;Una carreggiata a doppio senso;Asciutto;Asfaltata;Orizzontale;Nuvoloso;Normale;Insufficiente;Insufficiente;0;0;0;1;12.34014;41.8319;-1;1;Autovettura privata;In marcia / fermata / arresto;Conducente;M;Illeso;0;;;
2189468;11;04/11/2014 09:15;Strada Urbana;VIA DEL SERAFICO;in prossimità;;del civico n.;167;;Infortunio per sola frenata improvvisa;Rettilineo;Due carreggiate;Bagnato (pioggia);Asfaltata;Verticale ed orizzontale;Nuvoloso;Normale;Buona;Ore Diurne;1;0;0;1;12.49148;41.83161;-1;1;Autovettura privata;In marcia / fermata / arresto;Conducente;M;Illeso;0;;Non accertato;Inesploso
2189468;11;04/11/2014 09:15;Strada Urbana;VIA DEL SERAFICO;in prossimità;;del civico n.;167;;Infortunio per sola frenata improvvisa;Rettilineo;Due carreggiate;Bagnato (pioggia);Asfaltata;Verticale ed orizzontale;Nuvoloso;Normale;Buona;Ore Diurne;1;0;0;1;12.49148;41.83161;-1;2;Motociclo a solo;In marcia / fermata / arresto;Conducente;M;Rimandato;0;NON DECEDUTO;Non accertato;
2189489;18;03/11/2014 10:00;Strada Urbana;VIA DI BOCCEA;in prossimità;;del civico n.;319;;Tamponamento;Rettilineo;Una carreggiata a doppio senso;Asciutto;Asfaltata;Orizzontale;Sereno;Scarso;Buona;Ore Diurne;0;0;0;2;12.41206;41.903;-1;1;Autovettura privata;In marcia / fermata / arresto;Conducente;F;Illeso;0;;Non accertato;Inesploso
2189489;18;03/11/2014 10:00;Strada Urbana;VIA DI BOCCEA;in prossimità;;del civico n.;319;;Tamponamento;Rettilineo;Una carreggiata a doppio senso;Asciutto;Asfaltata;Orizzontale;Sereno;Scarso;Buona;Ore Diurne;0;0;0;2;12.41206;41.903;-1;2;Motociclo a solo;In marcia / fermata / arresto;Conducente;M;Illeso;0;;Non accertato;
2189495;11;04/11/2014 18:20;Strada Urbana;VIA TIBERIO IMPERATORE;in corrispondenza;;del civico n.;75;;Scontro frontale/laterale DX fra veicoli in marcia;Rettilineo;Una carreggiata a doppio senso;Asciutto;Asfaltata;Verticale ed orizzontale;Sereno;Normale;Buona;Sufficiente;0;0;0;3;12.48424;41.85148;-1;1;Autovettura privata;In marcia / fermata / arresto;Conducente;F;Illeso;0;;Non accertato;
2189495;11;04/11/2014 18:20;Strada Urbana;VIA TIBERIO IMPERATORE;in corrispondenza;;del civico n.;75;;Scontro frontale/laterale DX fra veicoli in marcia;Rettilineo;Una carreggiata a doppio senso;Asciutto;Asfaltata;Verticale ed orizzontale;Sereno;Normale;Buona;Sufficiente;0;0;0;3;12.48424;41.85148;-1;2;Autovettura privata;In marcia / fermata / arresto;Conducente;M;Illeso;0;;Non accertato;
2189495;11;04/11/2014 18:20;Strada Urbana;VIA TIBERIO IMPERATORE;in corrispondenza;;del civico n.;75;;Scontro frontale/laterale DX fra veicoli in marcia;Rettilineo;Una carreggiata a doppio senso;Asciutto;Asfaltata;Verticale ed orizzontale;Sereno;Normale;Buona;Sufficiente;0;0;0;3;12.48424;41.85148;-1;2;Autovettura privata;In marcia / fermata / arresto;Passeggero;F;Illeso;0;;Non accertato;
2189501;9;04/11/2014 20:00;Strada Urbana;VIA MAGNAGRECIA;in prossimità;;del civico n.;29;;Scontro laterale fra veicoli in marcia;Rettilineo;Due carreggiate;Asciutto;Asfaltata;Verticale ed orizzontale;Nuvoloso;Normale;Buona;Sufficiente;0;0;0;3;12.50938;41.8846;-1;1;Autovettura privata;In marcia / fermata / arresto;Conducente;M;Illeso;0;;Non accertato;Inesploso
2189501;9;04/11/2014 20:00;Strada Urbana;VIA MAGNAGRECIA;in prossimità;;del civico n.;29;;Scontro laterale fra veicoli in marcia;Rettilineo;Due carreggiate;Asciutto;Asfaltata;Verticale ed orizzontale;Nuvoloso;Normale;Buona;Sufficiente;0;0;0;3;12.50938;41.8846;-1;2;Autovettura privata;In marcia / fermata / arresto;Conducente;M;Illeso;0;;Non accertato;Inesploso
2189501;9;04/11/2014 20:00;Strada Urbana;VIA MAGNAGRECIA;in prossimità;;del civico n.;29;;Scontro laterale fra veicoli in marcia;Rettilineo;Due carreggiate;Asciutto;Asfaltata;Verticale ed orizzontale;Nuvoloso;Normale;Buona;Sufficiente;0;0;0;3;12.50938;41.8846;-1;2;Autovettura privata;In marcia / fermata / arresto;Passeggero;F;Illeso;0;;Non accertato;Inesploso
2189508;9;04/11/2014 20:10;Strada Urbana;VIA BEATA MARIA DE MATTIAS;in prossimità;;del palo luce n.;10;;Investimento di pedone;Rettilineo;Una carreggiata a doppio senso;Asciutto;Asfaltata;Verticale ed orizzontale;Nuvoloso;Scarso;Sufficiente;Sufficiente;1;0;0;1;12.50247;41.8793;-1;;;;Pedone;M;Rimandato;0;NON DECEDUTO;;
2189508;9;04/11/2014 20:10;Strada Urbana;VIA BEATA MARIA DE MATTIAS;in prossimità;;del palo luce n.;10;;Investimento di pedone;Rettilineo;Una carreggiata a doppio senso;Asciutto;Asfaltata;Verticale ed orizzontale;Nuvoloso;Scarso;Sufficiente;Sufficiente;1;0;0;1;12.50247;41.8793;-1;1;Autovettura privata;In marcia / fermata / arresto;Conducente;M;Illeso;0;;Utilizzato;Inesploso
2189523;18;02/11/2014 09:10;Strada Urbana;VIA DI ACQUAFREDDA;da specificare;;;;in corrsipondenza del fronte civico n.313;Tamponamento;Rettilineo;Una carreggiata a doppio senso;Asciutto;Asfaltata;Orizzontale;Sereno;Scarso;Buona;Ore Diurne;0;0;0;4;12.39523;41.89509;-1;1;Autovettura privata;In marcia / fermata / arresto;Conducente;M;Illeso;0;;Non accertato;Inesploso
2189523;18;02/11/2014 09:10;Strada Urbana;VIA DI ACQUAFREDDA;da specificare;;;;in corrsipondenza del fronte civico n.313;Tamponamento;Rettilineo;Una carreggiata a doppio senso;Asciutto;Asfaltata;Orizzontale;Sereno;Scarso;Buona;Ore Diurne;0;0;0;4;12.39523;41.89509;-1;1;Autovettura privata;In marcia / fermata / arresto;Passeggero;M;Illeso;0;;Utilizzato;Inesploso
2189523;18;02/11/2014 09:10;Strada Urbana;VIA DI ACQUAFREDDA;da specificare;;;;in corrsipondenza del fronte civico n.313;Tamponamento;Rettilineo;Una carreggiata a doppio senso;Asciutto;Asfaltata;Orizzontale;Sereno;Scarso;Buona;Ore Diurne;0;0;0;4;12.39523;41.89509;-1;1;Autovettura privata;In marcia / fermata / arresto;Passeggero;F;Illeso;0;;Utilizzato;Inesploso
2189523;18;02/11/2014 09:10;Strada Urbana;VIA DI ACQUAFREDDA;da specificare;;;;in corrsipondenza del fronte civico n.313;Tamponamento;Rettilineo;Una carreggiata a doppio senso;Asciutto;Asfaltata;Orizzontale;Sereno;Scarso;Buona;Ore Diurne;0;0;0;4;12.39523;41.89509;-1;2;Autovettura privata;In marcia / fermata / arresto;Conducente;M;Illeso;0;;Utilizzato;Inesploso
2189532;5;04/11/2014 10:30;Strada Urbana;VIA FABRIANO;all'intersezione con;VIA PERGOLA;VIA PERGOLA;;;Scontro frontale/laterale DX fra veicoli in marcia;Incrocio;Una carreggiata a doppio senso;Asciutto;Asfaltata;Orizzontale;Sereno;Scarso;Buona;Ore Diurne;1;0;0;2;12.58212;41.93869;-1;1;Motociclo a solo;In marcia / fermata / arresto;Conducente;M;Rimandato;0;NON DECEDUTO;Non accertato;
2189532;5;04/11/2014 10:30;Strada Urbana;VIA FABRIANO;all'intersezione con;VIA PERGOLA;VIA PERGOLA;;;Scontro frontale/laterale DX fra veicoli in marcia;Incrocio;Una carreggiata a doppio senso;Asciutto;Asfaltata;Orizzontale;Sereno;Scarso;Buona;Ore Diurne;1;0;0;2;12.58212;41.93869;-1;2;Autovettura privata;In marcia / fermata / arresto;Conducente;F;Illeso;0;;Non accertato;Inesistente
2189532;5;04/11/2014 10:30;Strada Urbana;VIA FABRIANO;all'intersezione con;VIA PERGOLA;VIA PERGOLA;;;Scontro frontale/laterale DX fra veicoli in marcia;Incrocio;Una carreggiata a doppio senso;Asciutto;Asfaltata;Orizzontale;Sereno;Scarso;Buona;Ore Diurne;1;0;0;2;12.58212;41.93869;-1;2;Autovettura privata;In marcia / fermata / arresto;Passeggero;F;Illeso;0;;Non accertato;Inesploso
2189544;5;05/11/2014 00:20;Strada Urbana;VIA DI PORTONACCIO;in prossimità;;del civico n.;9;;Scontro laterale fra veicoli in marcia;Rettilineo;Una carreggiata a doppio senso;Bagnato (pioggia);Asfaltata;Orizzontale;Nuvoloso;Normale;Sufficiente;Sufficiente;0;0;0;4;12.53448;41.90758;-1;1;Motociclo a solo;In marcia / fermata / arresto;Conducente;M;Illeso;0;;Non accertato;
2189544;5;05/11/2014 00:20;Strada Urbana;VIA DI PORTONACCIO;in prossimità;;del civico n.;9;;Scontro laterale fra veicoli in marcia;Rettilineo;Una carreggiata a doppio senso;Bagnato (pioggia);Asfaltata;Orizzontale;Nuvoloso;Normale;Sufficiente;Sufficiente;0;0;0;4;12.53448;41.90758;-1;2;Autovettura di polizia;In marcia / fermata / arresto;Conducente;M;Illeso;0;;Non accertato;
2189544;5;05/11/2014 00:20;Strada Urbana;VIA DI PORTONACCIO;in prossimità;;del civico n.;9;;Scontro laterale fra veicoli in marcia;Rettilineo;Una carreggiata a doppio senso;Bagnato (pioggia);Asfaltata;Orizzontale;Nuvoloso;Normale;Sufficiente;Sufficiente;0;0;0;4;12.53448;41.90758;-1;2;Autovettura di polizia;In marcia / fermata / arresto;Passeggero;M;Illeso;0;;Non accertato;
2189544;5;05/11/2014 00:20;Strada Urbana;VIA DI PORTONACCIO;in prossimità;;del civico n.;9;;Scontro laterale fra veicoli in marcia;Rettilineo;Una carreggiata a doppio senso;Bagnato (pioggia);Asfaltata;Orizzontale;Nuvoloso;Normale;Sufficiente;Sufficiente;0;0;0;4;12.53448;41.90758;-1;2;Autovettura di polizia;In marcia / fermata / arresto;Passeggero;M;Illeso;0;;Non accertato;
2189547;10;04/11/2014 09:00;Strada Urbana;VIALE SPARTACO;all'intersezione semaforizzata con;VIA VALERIO PUBLICOLA;VIA VALERIO PUBLICOLA;;;Veicolo in marcia contro ostacolo fisso;Intersezione semaforizzata;Due carreggiate;Asciutto;Asfaltata;Verticale ed orizzontale;Sereno;Normale;Buona;Ore Diurne;1;0;0;0;12.55712;41.85689;-1;1;Autovettura privata;In marcia / fermata / arresto;Conducente;M;Rimandato;0;NON DECEDUTO;Non accertato;Inesploso
2189551;11;04/11/2014 20:00;Strada Urbana;VIA LEON PANCALDO;da specificare;;;;fronte civico 88;Veicolo in marcia contro ostacolo accidentale;Rettilineo;Una carreggiata a doppio senso;Bagnato (umidità in atto);Asfaltata;Orizzontale;Nuvoloso;Normale;Sufficiente;Sufficiente;1;0;0;0;12.50138;41.86123;-1;1;Motociclo a solo;In marcia / fermata / arresto;Conducente;M;Rifiuta cure immediate;0;NON DECEDUTO;Non accertato;
2189555;13;04/11/2014 11:35;Strada Urbana;LUNGOMARE PAOLO TOSCANELLI;all'intersezione con;VIA DEGLI ALDOBRANDINI;VIA DEGLI ALDOBRANDINI;;;Investimento di pedone;Incrocio;Due carreggiate;Asciutto;Asfaltata;Verticale ed orizzontale;Sereno;Normale;Buona;Ore Diurne;0;0;0;3;12.27494;41.73016;-1;;;;Pedone;F;Illeso;0;;;
2189555;13;04/11/2014 11:35;Strada Urbana;LUNGOMARE PAOLO TOSCANELLI;all'intersezione con;VIA DEGLI ALDOBRANDINI;VIA DEGLI ALDOBRANDINI;;;Investimento di pedone;Incrocio;Due carreggiate;Asciutto;Asfaltata;Verticale ed orizzontale;Sereno;Normale;Buona;Ore Diurne;0;0;0;3;12.27494;41.73016;-1;;;;Pedone;M;Illeso;0;;;
2189555;13;04/11/2014 11:35;Strada Urbana;LUNGOMARE PAOLO TOSCANELLI;all'intersezione con;VIA DEGLI ALDOBRANDINI;VIA DEGLI ALDOBRANDINI;;;Investimento di pedone;Incrocio;Due carreggiate;Asciutto;Asfaltata;Verticale ed orizzontale;Sereno;Normale;Buona;Ore Diurne;0;0;0;3;12.27494;41.73016;-1;1;Autovettura privata;In marcia / fermata / arresto;Conducente;F;Illeso;0;;Non accertato;
2189562;5;05/11/2014 00:30;Strada Urbana;VIA ALBERTO BERGAMINI;da specificare;;;;svincolo prov. Via Fiorentini direz. P. Persico;Veicolo in marcia contro ostacolo fisso;Curva a visuale libera;Una carreggiata a senso unico di marcia;Asciutto;Asfaltata;Verticale ed orizzontale;Sereno;Scarso;Buona;Insufficiente;1;0;0;0;12.55734;41.90612;-1;1;Autovettura privata;In marcia / fermata / arresto;Conducente;M;Rimandato;0;NON DECEDUTO;;
2189563;10;04/11/2014 21:45;Strada Urbana;VIA TUSCOLANA;all'intersezione semaforizzata con;VIALE PALMIRO TOGLIATTI;VIALE PALMIRO TOGLIATTI;;;Scontro frontale/laterale DX fra veicoli in marcia;Incrocio;Due carreggiate;Bagnato (umidità in atto);Asfaltata;Verticale ed orizzontale;Pioggia in atto;Scarso;Buona;Sufficiente;0;0;0;3;12.56984;41.85269;-1;1;Autovettura privata;In marcia / fermata / arresto;Conducente;M;Illeso;0;;Non accertato;Esploso
2189563;10;04/11/2014 21:45;Strada Urbana;VIA TUSCOLANA;all'intersezione semaforizzata con;VIALE PALMIRO TOGLIATTI;VIALE PALMIRO TOGLIATTI;;;Scontro frontale/laterale DX fra veicoli in marcia;Incrocio;Due carreggiate;Bagnato (umidità in atto);Asfaltata;Verticale ed orizzontale;Pioggia in atto;Scarso;Buona;Sufficiente;0;0;0;3;12.56984;41.85269;-1;2;Autovettura privata;In marcia / fermata / arresto;Conducente;M;Illeso;0;;Non accertato;Inesploso