Protocollo;Gruppo;DataOraIncidente;Localizzazione1;STRADA1;Localizzazione2;STRADA2;Strada02;Chilometrica;DaSpecificare;NaturaIncidente;particolaritastrade;TipoStrada;FondoStradale;Pavimentazione;Segnaletica;CondizioneAtmosferica;Traffico;Visibilita;Illuminazione;NUM_FERITI;NUM_RISERVATA;NUM_MORTI;NUM_ILLESI;Longitudine;Latitudine;Confermato;Progressivo;TipoVeicolo;StatoVeicolo;TipoPersona;Sesso;Tipolesione;Deceduto;DecedutoDopo;CinturaCascoUtilizzato;Airbag
2193979;13;09/11/2014 09:30;Strada Urbana;VIA FRANCESCO DONATI;all'intersezione con;VIA FRANCESCO SAMBIASI;VIA FRANCESCO SAMBIASI;;;Scontro laterale fra veicoli in marcia;Incrocio;Una carreggiata a senso unico di marcia;Asciutto;Asfaltata;Verticale;Sereno;Normale;Buona;Ore Diurne;0;0;0;6;12.34001;41.78252;-1;1;Autovettura privata;In marcia / fermata / arresto;Conducente;M;Illeso;0;;Non accertato;Inesploso
2193979;13;09/11/2014 09:30;Strada Urbana;VIA FRANCESCO DONATI;all'intersezione con;VIA FRANCESCO SAMBIASI;VIA FRANCESCO SAMBIASI;;;Scontro laterale fra veicoli in marcia;Incrocio;Una carreggiata a senso unico di marcia;Asciutto;Asfaltata;Verticale;Sereno;Normale;Buona;Ore Diurne;0;0;0;6;12.34001;41.78252;-1;2;Autovettura privata;In marcia / fermata / arresto;Conducente;M;Illeso;0;;Non accertato;Inesploso
2193979;13;09/11/2014 09:30;Strada Urbana;VIA FRANCESCO DONATI;all'intersezione con;VIA FRANCESCO SAMBIASI;VIA FRANCESCO SAMBIASI;;;Scontro laterale fra veicoli in marcia;Incrocio;Una carreggiata a senso unico di marcia;Asciutto;Asfaltata;Verticale;Sereno;Normale;Buona;Ore Diurne;0;0;0;6;12.34001;41.78252;-1;2;Autovettura privata;In marcia / fermata / arresto;Passeggero;F;Illeso;0;;Non accertato;Inesploso
2193979;13;09/11/2014 09:30;Strada Urbana;VIA FRANCESCO DONATI;all'intersezione con;VIA FRANCESCO SAMBIASI;VIA FRANCESCO SAMBIASI;;;Scontro laterale fra veicoli in marcia;Incrocio;Una carreggiata a senso unico di marcia;Asciutto;Asfaltata;Verticale;Sereno;Normale;Buona;Ore Diurne;0;0;0;6;12.34001;41.78252;-1;2;Autovettura privata;In marcia / fermata / arresto;Passeggero;F;Illeso;0;;Non accertato;Inesploso
2193979;13;09/11/2014 09:30;Strada Urbana;VIA FRANCESCO DONATI;all'intersezione con;VIA FRANCESCO SAMBIASI;VIA FRANCESCO SAMBIASI;;;Scontro laterale fra veicoli in marcia;Incrocio;Una carreggiata a senso unico di marcia;Asciutto;Asfaltata;Verticale;Sereno;Normale;Buona;Ore Diurne;0;0;0;6;12.34001;41.78252;-1;2;Autovettura privata;In marcia / fermata / arresto;Passeggero;F;Illeso;0;;Non accertato;Inesploso
2193979;13;09/11/2014 09:30;Strada Urbana;VIA FRANCESCO DONATI;all'intersezione con;VIA FRANCESCO SAMBIASI;VIA FRANCESCO SAMBIASI;;;Scontro laterale fra veicoli in marcia;Incrocio;Una carreggiata a senso unico di marcia;Asciutto;Asfaltata;Verticale;Sereno;Normale;Buona;Ore Diurne;0;0;0;6;12.34001;41.78252;-1;2;Autovettura privata;In marcia / fermata / arresto;Passeggero;F;Illeso;0;;Non accertato;Inesploso
2193984;13;09/11/2014 11:15;Strada Urbana;PIAZZA DI S. MONICA;da specificare;;;;IN PROX DI VIA DELLE GONDOLE;Scontro frontale/laterale DX fra veicoli in marcia;Curva a visuale libera;Due carreggiate;Asciutto;Asfaltata;Verticale ed orizzontale;Sereno;Normale;Buona;Ore Diurne;0;0;0;3;12.27294;41.73656;-1;1;Autovettura privata;In marcia / fermata / arresto;Conducente;M;Illeso;0;;Non accertato;Inesploso
2193984;13;09/11/2014 11:15;Strada Urbana;PIAZZA DI S. MONICA;da specificare;;;;IN PROX DI VIA DELLE GONDOLE;Scontro frontale/laterale DX fra veicoli in marcia;Curva a visuale libera;Due carreggiate;Asciutto;Asfaltata;Verticale ed orizzontale;Sereno;Normale;Buona;Ore Diurne;0;0;0;3;12.27294;41.73656;-1;2;Autovettura privata;In marcia / fermata / arresto;Conducente;F;Illeso;0;;Non accertato;Inesploso
2193984;13;09/11/2014 11:15;Strada Urbana;PIAZZA DI S. MONICA;da specificare;;;;IN PROX DI VIA DELLE GONDOLE;Scontro frontale/laterale DX fra veicoli in marcia;Curva a visuale libera;Due carreggiate;Asciutto;Asfaltata;Verticale ed orizzontale;Sereno;Normale;Buona;Ore Diurne;0;0;0;3;12.27294;41.73656;-1;2;Autovettura privata;In marcia / fermata / arresto;Passeggero;F;Illeso;0;;Non accertato;Inesploso
2194050;1;08/11/2014 12:35;Strada Urbana;PIAZZA ALBANIA;all'intersezione semaforizzata con;VIA DI S. SABA;VIA DI S. SABA;;;Scontro frontale/laterale DX fra veicoli in marcia;Intersezione semaforizzata;Più di due carreggiate;Asciutto;In cubetti di porfido;Verticale ed orizzontale;Sereno;Normale;Buona;Ore Diurne;1;0;0;2;12.48334;41.88011;-1;1;Autovettura privata;In marcia / fermata / arresto;Conducente;M;Rimandato;0;NON DECEDUTO;Non accertato;
2194050;1;08/11/2014 12:35;Strada Urbana;PIAZZA ALBANIA;all'intersezione semaforizzata con;VIA DI S. SABA;VIA DI S. SABA;;;Scontro frontale/laterale DX fra veicoli in marcia;Intersezione semaforizzata;Più di due carreggiate;Asciutto;In cubetti di porfido;Verticale ed orizzontale;Sereno;Normale;Buona;Ore Diurne;1;0;0;2;12.48334;41.88011;-1;2;Autovettura privata;In marcia / fermata / arresto;Conducente;M;Illeso;0;;Non accertato;
2194050;1;08/11/2014 12:35;Strada Urbana;PIAZZA ALBANIA;all'intersezione semaforizzata con;VIA DI S. SABA;VIA DI S. SABA;;;Scontro frontale/laterale DX fra veicoli in marcia;Intersezione semaforizzata;Più di due carreggiate;Asciutto;In cubetti di porfido;Verticale ed orizzontale;Sereno;Normale;Buona;Ore Diurne;1;0;0;2;12.48334;41.88011;-1;2;Autovettura privata;In marcia / fermata / arresto;Passeggero;M;Illeso;0;;Non accertato;
2194062;1;08/11/2014 16:30;Strada Urbana;LUNGOTEVERE TOR DI NONA;in prossimità;;del civico n.;5;;Tamponamento;Rettilineo;Una carreggiata a senso unico di marcia;Asciutto;Asfaltata;Verticale ed orizzontale;Sereno;Normale;Buona;Ore Diurne;0;0;0;4;12.47051;41.90166;-1;1;Autovettura privata;In marcia / fermata / arresto;Conducente;M;Illeso;0;;Non accertato;
2194062;1;08/11/2014 16:30;Strada Urbana;LUNGOTEVERE TOR DI NONA;in prossimità;;del civico n.;5;;Tamponamento;Rettilineo;Una carreggiata a senso unico di marcia;Asciutto;Asfaltata;Verticale ed orizzontale;Sereno;Normale;Buona;Ore Diurne;0;0;0;4;12.47051;41.90166;-1;1;Autovettura privata;In marcia / fermata / arresto;Passeggero;M;Illeso;0;;Non accertato;
2194062;1;08/11/2014 16:30;Strada Urbana;LUNGOTEVERE TOR DI NONA;in prossimità;;del civico n.;5;;Tamponamento;Rettilineo;Una carreggiata a senso unico di marcia;Asciutto;Asfaltata;Verticale ed orizzontale;Sereno;Normale;Buona;Ore Diurne;0;0;0;4;12.47051;41.90166;-1;2;Autovettura privata;In marcia / fermata / arresto;Conducente;M;Illeso;0;;Non accertato;
2194062;1;08/11/2014 16:30;Strada Urbana;LUNGOTEVERE TOR DI NONA;in prossimità;;del civico n.;5;;Tamponamento;Rettilineo;Una carreggiata a senso unico di marcia;Asciutto;Asfaltata;Verticale ed orizzontale;Sereno;Normale;Buona;Ore Diurne;0;0;0;4;12.47051;41.90166;-1;2;Autovettura privata;In marcia / fermata / arresto;Passeggero;F;Illeso;0;;Non accertato;
2194131;1;08/11/2014 14:15;Strada Urbana;LARGO GIOVANNI BATTISTA MARZI;all'intersezione con;VIA ALDO MANUZIO;VIA ALDO MANUZIO;;;Scontro frontale/laterale DX fra veicoli in marcia;Incrocio;Una carreggiata a doppio senso;Asciutto;Asfaltata;Verticale ed orizzontale;Sereno;Normale;Buona;Ore Diurne;2;0;0;3;9.644;45.397;-1;1;Autovettura privata;In marcia / fermata / arresto;Conducente;F;Illeso;0;;Non accertato;
2194131;1;08/11/2014 14:15;Strada Urbana;LARGO GIOVANNI BATTISTA MARZI;all'intersezione con;VIA ALDO MANUZIO;VIA ALDO MANUZIO;;;Scontro frontale/laterale DX fra veicoli in marcia;Incrocio;Una carreggiata a doppio senso;Asciutto;Asfaltata;Verticale ed orizzontale;Sereno;Normale;Buona;Ore Diurne;2;0;0;3;9.644;45.397;-1;2;Motociclo con passeggero;In marcia / fermata / arresto;Conducente;F;Rimandato;0;NON DECEDUTO;Non accertato;
2194131;1;08/11/2014 14:15;Strada Urbana;LARGO GIOVANNI BATTISTA MARZI;all'intersezione con;VIA ALDO MANUZIO;VIA ALDO MANUZIO;;;Scontro frontale/laterale DX fra veicoli in marcia;Incrocio;Una carreggiata a doppio senso;Asciutto;Asfaltata;Verticale ed orizzontale;Sereno;Normale;Buona;Ore Diurne;2;0;0;3;9.644;45.397;-1;2;Motociclo con passeggero;In marcia / fermata / arresto;Passeggero;F;Rimandato;0;NON DECEDUTO;Non accertato;
2194131;1;08/11/2014 14:15;Strada Urbana;LARGO GIOVANNI BATTISTA MARZI;all'intersezione con;VIA ALDO MANUZIO;VIA ALDO MANUZIO;;;Scontro frontale/laterale DX fra veicoli in marcia;Incrocio;Una carreggiata a doppio senso;Asciutto;Asfaltata;Verticale ed orizzontale;Sereno;Normale;Buona;Ore Diurne;2;0;0;3;9.644;45.397;-1;3;Autovettura privata;In marcia / fermata / arresto;Conducente;M;Illeso;0;;Non accertato;
2194131;1;08/11/2014 14:15;Strada Urbana;LARGO GIOVANNI BATTISTA MARZI;all'intersezione con;VIA ALDO MANUZIO;VIA ALDO MANUZIO;;;Scontro frontale/laterale DX fra veicoli in marcia;Incrocio;Una carreggiata a doppio senso;Asciutto;Asfaltata;Verticale ed orizzontale;Sereno;Normale;Buona;Ore Diurne;2;0;0;3;9.644;45.397;-1;3;Autovettura privata;In marcia / fermata / arresto;Passeggero;F;Illeso;0;;Non accertato;
2194151;9;07/11/2014 17:40;Strada Urbana;VIALE CASTRENSE;da specificare;;;;prossimità civico 6;Tamponamento Multiplo;Rettilineo;Due carreggiate;Asciutto;Asfaltata;Orizzontale;Nuvoloso;Normale;Buona;Sufficiente;2;0;0;1;12.51784;41.88781;-1;1;Autovettura privata;In marcia / fermata / arresto;Conducente;M;Rimandato;0;NON DECEDUTO;Non accertato;Inesploso
2194151;9;07/11/2014 17:40;Strada Urbana;VIALE CASTRENSE;da specificare;;;;prossimità civico 6;Tamponamento Multiplo;Rettilineo;Due carreggiate;Asciutto;Asfaltata;Orizzontale;Nuvoloso;Normale;Buona;Sufficiente;2;0;0;1;12.51784;41.88781;-1;2;Autovettura privata;In marcia / fermata / arresto;Conducente;M;Rimandato;0;NON DECEDUTO;Non accertato;Inesploso
2194151;9;07/11/2014 17:40;Strada Urbana;VIALE CASTRENSE;da specificare;;;;prossimità civico 6;Tamponamento Multiplo;Rettilineo;Due carreggiate;Asciutto;Asfaltata;Orizzontale;Nuvoloso;Normale;Buona;Sufficiente;2;0;0;1;12.51784;41.88781;-1;4;Autovettura privata;In marcia / fermata / arresto;Conducente;M;Illeso;0;;Non accertato;Inesploso
2194155;1;09/11/2014 08:25;Strada Urbana;PIAZZA VITTORIO EMANUELE II;da specificare;;;;FRONTE VIA RICASOLI;Scontro frontale/laterale DX fra veicoli in marcia;Rettilineo;Due carreggiate;Asciutto;Asfaltata;Verticale ed orizzontale;Sereno;Scarso;Buona;Ore Diurne;1;0;0;1;12.50542;41.89483;-1;1;Autovettura pubblica;In marcia / fermata / arresto;Conducente;M;Illeso;0;;Non accertato;
2194155;1;09/11/2014 08:25;Strada Urbana;PIAZZA VITTORIO EMANUELE II;da specificare;;;;FRONTE VIA RICASOLI;Scontro frontale/laterale DX fra veicoli in marcia;Rettilineo;Due carreggiate;Asciutto;Asfaltata;Verticale ed orizzontale;Sereno;Scarso;Buona;Ore Diurne;1;0;0;1;12.50542;41.89483;-1;2;Velocipede;In marcia / fermata / arresto;Conducente;M;Ricoverato;0;NON DECEDUTO;Esente;
2194168;1;09/11/2014 11:30;Strada Urbana;LUNGOTEVERE DEGLI ALBERTESCHI;all'intersezione con;VIA DEI VASCELLARI;VIA DEI VASCELLARI;;;Scontro laterale fra veicoli in marcia;Incrocio;Una carreggiata a senso unico di marcia;Asciutto;Asfaltata;Verticale ed orizzontale;Sereno;Normale;Buona;Ore Diurne;1;0;0;2;12.47803;41.88919;-1;1;Motociclo a solo;In marcia / fermata / arresto;Conducente;M;Rimandato;0;NON DECEDUTO;Non accertato;
2194168;1;09/11/2014 11:30;Strada Urbana;LUNGOTEVERE DEGLI ALBERTESCHI;all'intersezione con;VIA DEI VASCELLARI;VIA DEI VASCELLARI;;;Scontro laterale fra veicoli in marcia;Incrocio;Una carreggiata a senso unico di marcia;Asciutto;Asfaltata;Verticale ed orizzontale;Sereno;Normale;Buona;Ore Diurne;1;0;0;2;12.47803;41.88919;-1;2;Autovettura privata;In marcia / fermata / arresto;Conducente;M;Illeso;0;;Non accertato;
2194168;1;09/11/2014 11:30;Strada Urbana;LUNGOTEVERE DEGLI ALBERTESCHI;all'intersezione con;VIA DEI VASCELLARI;VIA DEI VASCELLARI;;;Scontro laterale fra veicoli in marcia;Incrocio;Una carreggiata a senso unico di marcia;Asciutto;Asfaltata;Verticale ed orizzontale;Sereno;Normale;Buona;Ore Diurne;1;0;0;2;12.47803;41.88919;-1;2;Autovettura privata;In marcia / fermata / arresto;Passeggero;F;Illeso;0;;Non accertato;Inesploso
2194184;9;07/11/2014 18:45;Strada Urbana;PIAZZALE METRONIO;da specificare;;;;fronte VIA GALLIA;Scontro frontale/laterale SX fra veicoli in marcia;Curva senza visuale libera;Una carreggiata a senso unico di marcia;Bagnato (pioggia);Asfaltata;Verticale ed orizzontale;Nuvoloso;Normale;Sufficiente;Sufficiente;1;0;0;1;12.49944;41.88216;-1;1;Autovettura privata;In marcia / fermata / arresto;Conducente;F;Illeso;0;;Non accertato;Inesploso
2194184;9;07/11/2014 18:45;Strada Urbana;PIAZZALE METRONIO;da specificare;;;;fronte VIA GALLIA;Scontro frontale/laterale SX fra veicoli in marcia;Curva senza visuale libera;Una carreggiata a senso unico di marcia;Bagnato (pioggia);Asfaltata;Verticale ed orizzontale;Nuvoloso;Normale;Sufficiente;Sufficiente;1;0;0;1;12.49944;41.88216;-1;2;Motociclo a solo;In marcia / fermata / arresto;Conducente;M;Rimandato;0;NON DECEDUTO;Non accertato;
2194210;9;08/11/2014 00:20;Strada Urbana;VIA VETURIA;in corrispondenza;;del civico n.;47;;Veicolo in marcia contro veicolo in sosta;Rettilineo;Una carreggiata a senso unico di marcia;Asciutto;Asfaltata;Orizzontale;Sereno;Scarso;Sufficiente;Sufficiente;1;0;0;0;12.52281;41.87721;-1;1;Autovettura privata;In marcia / fermata / arresto;Conducente;F;Rimandato;0;NON DECEDUTO;Non accertato;Inesploso
2194219;9;08/11/2014 15:10;Strada Urbana;PIAZZA DEI RE DI ROMA;da specificare;;;;prossimità Appia Nuova direzione San Giovanni;Scontro laterale fra veicoli in marcia;Curva a visuale libera;Una carreggiata a senso unico di marcia;Asciutto;Asfaltata;Verticale ed orizzontale;Sereno;Normale;Buona;Ore Diurne;0;0;0;2;12.51346;41.88225;-1;1;Autovettura privata;In marcia / fermata / arresto;Conducente;M;Illeso;0;;Non accertato;Inesploso
2194219;9;08/11/2014 15:10;Strada Urbana;PIAZZA DEI RE DI ROMA;da specificare;;;;prossimità Appia Nuova direzione San Giovanni;Scontro laterale fra veicoli in marcia;Curva a visuale libera;Una carreggiata a senso unico di marcia;Asciutto;Asfaltata;Verticale ed orizzontale;Sereno;Normale;Buona;Ore Diurne;0;0;0;2;12.51346;41.88225;-1;2;Autovettura privata;In marcia / fermata / arresto;Conducente;M;Illeso;0;;Non accertato;Inesploso
2194237;9;08/11/2014 23:00;Strada Urbana;VIA ANAGNINA;all'intersezione con;VIA BELLICO CALPURNIO;VIA BELLICO CALPURNIO;;;Scontro frontale/laterale DX fra veicoli in marcia;Incrocio;Due carreggiate;Asciutto;Asfaltata;Assente;Nuvoloso;Scarso;Insufficiente;Inesistente;1;0;0;1;12.60638;41.82356;-1;1;Autovettura privata;In marcia / fermata / arresto;Conducente;M;Illeso;0;;Non accertato;Inesploso
2194237;9;08/11/2014 23:00;Strada Urbana;VIA ANAGNINA;all'intersezione con;VIA BELLICO CALPURNIO;VIA BELLICO CALPURNIO;;;Scontro frontale/laterale DX fra veicoli in marcia;Incrocio;Due carreggiate;Asciutto;Asfaltata;Assente;Nuvoloso;Scarso;Insufficiente;Inesistente;1;0;0;1;12.60638;41.82356;-1;2;Motociclo a solo;In marcia / fermata / arresto;Conducente;M;Rimandato;0;NON DECEDUTO;Non accertato;
2194245;9;09/11/2014 13:30;Strada Urbana;VIA TUSCOLANA;in corrispondenza;;del civico n.;648;;Tamponamento Multiplo;Rettilineo;Due carreggiate;Asciutto;Asfaltata;Verticale ed orizzontale;Sereno;Normale;Buona;Ore Diurne;0;0;0;5;12.53998;41.86789;-1;1;Autovettura privata;In marcia / fermata / arresto;Conducente;M;Illeso;0;;Non accertato;Inesploso
2194245;9;09/11/2014 13:30;Strada Urbana;VIA TUSCOLANA;in corrispondenza;;del civico n.;648;;Tamponamento Multiplo;Rettilineo;Due carreggiate;Asciutto;Asfaltata;Verticale ed orizzontale;Sereno;Normale;Buona;Ore Diurne;0;0;0;5;12.53998;41.86789;-1;1;Autovettura privata;In marcia / fermata / arresto;Passeggero;F;Illeso;0;;Non accertato;Inesploso
2194245;9;09/11/2014 13:30;Strada Urbana;VIA TUSCOLANA;in corrispondenza;;del civico n.;648;;Tamponamento Multiplo;Rettilineo;Due carreggiate;Asciutto;Asfaltata;Verticale ed orizzontale;Sereno;Normale;Buona;Ore Diurne;0;0;0;5;12.53998;41.86789;-1;2;Autovettura privata;In marcia / fermata / arresto;Conducente;F;Illeso;0;;Non accertato;Inesploso
2194245;9;09/11/2014 13:30;Strada Urbana;VIA TUSCOLANA;in corrispondenza;;del civico n.;648;;Tamponamento Multiplo;Rettilineo;Due carreggiate;Asciutto;Asfaltata;Verticale ed orizzontale;Sereno;Normale;Buona;Ore Diurne;0;0;0;5;12.53998;41.86789;-1;2;Autovettura privata;In marcia / fermata / arresto;Passeggero;F;Illeso;0;;Non accertato;Inesploso
2194245;9;09/11/2014 13:30;Strada Urbana;VIA TUSCOLANA;in corrispondenza;;del civico n.;648;;Tamponamento Multiplo;Rettilineo;Due carreggiate;Asciutto;Asfaltata;Verticale ed orizzontale;Sereno;Normale;Buona;Ore Diurne;0;0;0;5;12.53998;41.86789;-1;3;Autovettura privata;In marcia / fermata / arresto;Conducente;M;Illeso;0;;Non accertato;Inesploso
2194273;9;09/11/2014 15:05;Strada Urbana;VIA TUSCOLANA;all'intersezione con;VIA ROCCA DI PAPA;VIA ROCCA DI PAPA;;;Veicolo in marcia contro ostacolo fisso;Intersezione stradale segnalata;Una carreggiata a senso unico di marcia;Asciutto;Asfaltata;Verticale ed orizzontale;Nuvoloso;Scarso;Buona;Ore Diurne;0;0;0;3;12.53628;41.87062;-1;1;Autovettura privata;In marcia / fermata / arresto;Conducente;M;Illeso;0;;Non accertato;Inesploso
2194273;9;09/11/2014 15:05;Strada Urbana;VIA TUSCOLANA;all'intersezione con;VIA ROCCA DI PAPA;VIA ROCCA DI PAPA;;;Veicolo in marcia contro ostacolo fisso;Intersezione stradale segnalata;Una carreggiata a senso unico di marcia;Asciutto;Asfaltata;Verticale ed orizzontale;Nuvoloso;Scarso;Buona;Ore Diurne;0;0;0;3;12.53628;41.87062;-1;1;Autovettura privata;In marcia / fermata / arresto;Passeggero Istruttore;F;Illeso;0;;Non accertato;Inesploso
2194273;9;09/11/2014 15:05;Strada Urbana;VIA TUSCOLANA;all'intersezione con;VIA ROCCA DI PAPA;VIA ROCCA DI PAPA;;;Veicolo in marcia contro ostacolo fisso;Intersezione stradale segnalata;Una carreggiata a senso unico di marcia;Asciutto;Asfaltata;Verticale ed orizzontale;Nuvoloso;Scarso;Buona;Ore Diurne;0;0;0;3;12.53628;41.87062;-1;2;Autovettura privata;In marcia / fermata / arresto;Conducente;M;Illeso;0;;Non accertato;Inesploso
2194279;13;09/11/2014 16:00;Strada Urbana;VIA DELL'IDROSCALO;in corrispondenza;;del civico n.;160;;Scontro frontale/laterale DX fra veicoli in marcia;Curva senza visuale libera;Una carreggiata a doppio senso;Asciutto;Asfaltata;Assente;Sereno;Scarso;Sufficiente;Ore Diurne;1;0;0;1;12.24839;41.74215;-1;1;Autovettura privata;In marcia / fermata / arresto;Conducente;M;Rimandato;0;NON DECEDUTO;Non accertato;Inesploso
2194279;13;09/11/2014 16:00;Strada Urbana;VIA DELL'IDROSCALO;in corrispondenza;;del civico n.;160;;Scontro frontale/laterale DX fra veicoli in marcia;Curva senza visuale libera;Una carreggiata a doppio senso;Asciutto;Asfaltata;Assente;Sereno;Scarso;Sufficiente;Ore Diurne;1;0;0;1;12.24839;41.74215;-1;2;Autovettura privata;In marcia / fermata / arresto;Conducente;M;Illeso;0;;Non accertato;Inesploso
2194356;6;09/11/2014 11:00;Strada Urbana;VIA PRENESTINA;da specificare;;;;fronte 481;Tamponamento;Rettilineo;Due carreggiate;Asciutto;Asfaltata;Verticale ed orizzontale;Sereno;Scarso;Buona;Ore Diurne;0;0;0;4;12.56642;41.89497;-1;1;Autovettura privata;In marcia / fermata / arresto;Conducente;M;Illeso;0;;Non accertato;
2194356;6;09/11/2014 11:00;Strada Urbana;VIA PRENESTINA;da specificare;;;;fronte 481;Tamponamento;Rettilineo;Due carreggiate;Asciutto;Asfaltata;Verticale ed orizzontale;Sereno;Scarso;Buona;Ore Diurne;0;0;0;4;12.56642;41.89497;-1;1;Autovettura privata;In marcia / fermata / arresto;Passeggero;M;Illeso;0;;Non accertato;
2194356;6;09/11/2014 11:00;Strada Urbana;VIA PRENESTINA;da specificare;;;;fronte 481;Tamponamento;Rettilineo;Due carreggiate;Asciutto;Asfaltata;Verticale ed orizzontale;Sereno;Scarso;Buona;Ore Diurne;0;0;0;4;12.56642;41.89497;-1;1;Autovettura privata;In marcia / fermata / arresto;Passeggero;M;Illeso;0;;Non accertato;
2194356;6;09/11/2014 11:00;Strada Urbana;VIA PRENESTINA;da specificare;;;;fronte 481;Tamponamento;Rettilineo;Due carreggiate;Asciutto;Asfaltata;Verticale ed orizzontale;Sereno;Scarso;Buona;Ore Diurne;0;0;0;4;12.56642;41.89497;-1;2;Autovettura privata;In marcia / fermata / arresto;Conducente;M;Illeso;0;;Non accertato;
2194358;6;08/11/2014 23:00;Strada Urbana;VIA PRENESTINA;in prossimità;;del civico n.;51;;Investimento di pedone;Rettilineo;Due carreggiate;Asciutto;Asfaltata;Assente;Nuvoloso;Normale;Sufficiente;Sufficiente;1;0;0;1;12.52556;41.89125;-1;;;;Pedone;M;Rimandato;0;NON DECEDUTO;;
2194358;6;08/11/2014 23:00;Strada Urbana;VIA PRENESTINA;in prossimità;;del civico n.;51;;Investimento di pedone;Rettilineo;Due carreggiate;Asciutto;Asfaltata;Assente;Nuvoloso;Normale;Sufficiente;Sufficiente;1;0;0;1;12.52556;41.89125;-1;1;Autovettura privata;In marcia / fermata / arresto;Conducente;F;Illeso;0;;Non accertato;Inesploso
2194359;10;07/11/2014 10:35;Strada Urbana;VIA ANAGNINA;da specificare;;;;direz. centro prox cavalcavia gra;Veicolo in marcia contro ostacolo fisso;Curva a visuale libera;Una carreggiata a senso unico di marcia;Bagnato (pioggia);Asfaltata;Verticale ed orizzontale;Pioggia in atto;Normale;Sufficiente;Ore Diurne;0;0;0;2;12.64461;41.79971;-1;1;Autovettura privata;In marcia / fermata / arresto;Conducente;M;Illeso;0;;Non accertato;Inesploso
2194359;10;07/11/2014 10:35;Strada Urbana;VIA ANAGNINA;da specificare;;;;direz. centro prox cavalcavia gra;Veicolo in marcia contro ostacolo fisso;Curva a visuale libera;Una carreggiata a senso unico di marcia;Bagnato (pioggia);Asfaltata;Verticale ed orizzontale;Pioggia in atto;Normale;Sufficiente;Ore Diurne;0;0;0;2;12.64461;41.79971;-1;1;Autovettura privata;In marcia / fermata / arresto;Passeggero;F;Illeso;0;;Non accertato;Inesploso
2194371;10;07/11/2014 11:30;Strada Urbana;VIA ANAGNINA;da specificare;;;;direz. centro prox gra;Tamponamento;Curva a visuale libera;Due carreggiate;Bagnato (umidità in atto);Asfaltata;Verticale ed orizzontale;Pioggia in atto;Normale;Buona;Ore Diurne;1;0;0;1;12.64461;41.79971;-1;1;Autovettura privata;In marcia / fermata / arresto;Conducente;F;Rimandato;0;NON DECEDUTO;Non accertato;Inesploso
2194371;10;07/11/2014 11:30;Strada Urbana;VIA ANAGNINA;da specificare;;;;direz. centro prox gra;Tamponamento;Curva a visuale libera;Due carreggiate;Bagnato (umidità in atto);Asfaltata;Verticale ed orizzontale;Pioggia in atto;Normale;Buona;Ore Diurne;1;0;0;1;12.64461;41.79971;-1;2;Autovettura privata;In marcia / fermata / arresto;Conducente;F;Illeso;0;;Non accertato;Inesploso
2194373;6;09/11/2014 23:50;Strada Urbana;VIALE PALMIRO TOGLIATTI;all'intersezione semaforizzata con;VIALE BATTISTA BARDANZELLU;VIALE BATTISTA BARDANZELLU;;;Scontro frontale/laterale SX fra veicoli in marcia;Intersezione semaforizzata;Due carreggiate;Asciutto;Asfaltata;Verticale ed orizzontale;Sereno;Scarso;Buona;Sufficiente;1;0;0;1;12.56985;41.91448;-1;1;Autovettura privata;In marcia / fermata / arresto;Conducente;M;Illeso;0;;Non accertato;Inesploso
2194373;6;09/11/2014 23:50;Strada Urbana;VIALE PALMIRO TOGLIATTI;all'intersezione semaforizzata con;VIALE BATTISTA BARDANZELLU;VIALE BATTISTA BARDANZELLU;;;Scontro frontale/laterale SX fra veicoli in marcia;Intersezione semaforizzata;Due carreggiate;Asciutto;Asfaltata;Verticale ed orizzontale;Sereno;Scarso;Buona;Sufficiente;1;0;0;1;12.56985;41.91448;-1;2;Autovettura privata;In marcia / fermata / arresto;Conducente;F;Rimandato;0;NON DECEDUTO;Non accertato;Esploso
2194377;11;09/11/2014 00:10;Strada Urbana;CIRCONVALLAZIONE OSTIENSE;da specificare;;;;altezza civico 228 (palo acea 50);Tamponamento;Rettilineo;Due carreggiate;Asciutto;Asfaltata;Assente;Sereno;Scarso;Buona;Sufficiente;0;0;0;4;12.49196;41.86714;-1;1;Macchina operatrice;In marcia / fermata / arresto;Conducente;M;Illeso;0;;Non accertato;Inesploso
2194377;11;09/11/2014 00:10;Strada Urbana;CIRCONVALLAZIONE OSTIENSE;da specificare;;;;altezza civico 228 (palo acea 50);Tamponamento;Rettilineo;Due carreggiate;Asciutto;Asfaltata;Assente;Sereno;Scarso;Buona;Sufficiente;0;0;0;4;12.49196;41.86714;-1;2;Autovettura privata;In marcia / fermata / arresto;Conducente;F;Illeso;0;;Non accertato;Inesploso
2194377;11;09/11/2014 00:10;Strada Urbana;CIRCONVALLAZIONE OSTIENSE;da specificare;;;;altezza civico 228 (palo acea 50);Tamponamento;Rettilineo;Due carreggiate;Asciutto;Asfaltata;Assente;Sereno;Scarso;Buona;Sufficiente;0;0;0;4;12.49196;41.86714;-1;2;Autovettura privata;In marcia / fermata / arresto;Passeggero;F;Illeso;0;;Non accertato;Inesploso