Protocollo;Gruppo;DataOraIncidente;Localizzazione1;STRADA1;Localizzazione2;STRADA2;Strada02;Chilometrica;DaSpecificare;NaturaIncidente;particolaritastrade;TipoStrada;FondoStradale;Pavimentazione;Segnaletica;CondizioneAtmosferica;Traffico;Visibilita;Illuminazione;NUM_FERITI;NUM_RISERVATA;NUM_MORTI;NUM_ILLESI;Longitudine;Latitudine;Confermato;Progressivo;TipoVeicolo;StatoVeicolo;TipoPersona;Sesso;Tipolesione;Deceduto;DecedutoDopo;CinturaCascoUtilizzato;Airbag
2197058;16;12/11/2014 08:20;Strada Urbana;LARGO BERNARDINO DA FELTRE;all'intersezione con;VIALE DELLE MURA PORTUENSI;VIALE DELLE MURA PORTUENSI;;;Investimento di pedone;Incrocio;Una carreggiata a doppio senso;Bagnato (umidità in atto);Asfaltata;Verticale ed orizzontale;Nuvoloso;Normale;Buona;Ore Diurne;1;0;0;1;12.46973;41.88361;-1;1;Autovettura privata;In marcia / fermata / arresto;Conducente;F;Illeso;0;;Non accertato;Inesploso
2197059;20;12/11/2014 17:45;Strada Urbana;VIA FLAMINIA NUOVA;da specificare;;;;pross. via bomarso dir gra;Tamponamento Multiplo;Rettilineo;Una carreggiata a doppio senso;Asciutto;Asfaltata;Verticale ed orizzontale;Nuvoloso;Normale;Sufficiente;Sufficiente;2;0;0;0;12.4872;41.96095;-1;1;Autovettura privata;In marcia / fermata / arresto;Conducente;F;Rimandato;0;NON DECEDUTO;Non accertato;Inesploso
2197059;20;12/11/2014 17:45;Strada Urbana;VIA FLAMINIA NUOVA;da specificare;;;;pross. via bomarso dir gra;Tamponamento Multiplo;Rettilineo;Una carreggiata a doppio senso;Asciutto;Asfaltata;Verticale ed orizzontale;Nuvoloso;Normale;Sufficiente;Sufficiente;2;0;0;0;12.4872;41.96095;-1;2;Autovettura privata;In marcia / fermata / arresto;Conducente;M;Rifiuta cure immediate;0;NON DECEDUTO;;
2197063;12;08/11/2014 12:53;Regionale;VIA PONTINA;in prossimità;;della chilometrica;24.8;;Veicolo in marcia contro ostacolo accidentale;Rettilineo;Due carreggiate;Asciutto;Asfaltata;Verticale ed orizzontale;Sereno;Normale;Buona;Ore Diurne;0;0;0;2;12.45072;41.78954;-1;1;Autocarro inferiore 35 q.;In marcia / fermata / arresto;Conducente;M;Illeso;0;;Utilizzato;Inesploso
2197063;12;08/11/2014 12:53;Regionale;VIA PONTINA;in prossimità;;della chilometrica;24.8;;Veicolo in marcia contro ostacolo accidentale;Rettilineo;Due carreggiate;Asciutto;Asfaltata;Verticale ed orizzontale;Sereno;Normale;Buona;Ore Diurne;0;0;0;2;12.45072;41.78954;-1;1;Autocarro inferiore 35 q.;In marcia / fermata / arresto;Passeggero;M;Illeso;0;;Utilizzato;Inesploso
2197065;6;12/11/2014 13:00;Strada Urbana;VIA PRENESTINA;all'intersezione semaforizzata con;VIA COLLATINA;VIA COLLATINA;;;Scontro frontale/laterale DX fra veicoli in marcia;Incrocio;Più di due carreggiate;Bagnato (pioggia);Asfaltata;Verticale ed orizzontale;Pioggia in atto;Normale;Buona;Ore Diurne;0;0;0;2;12.56289;41.89503;-1;1;Autovettura privata;In marcia / fermata / arresto;Conducente;M;Illeso;0;;Non accertato;Inesploso
2197065;6;12/11/2014 13:00;Strada Urbana;VIA PRENESTINA;all'intersezione semaforizzata con;VIA COLLATINA;VIA COLLATINA;;;Scontro frontale/laterale DX fra veicoli in marcia;Incrocio;Più di due carreggiate;Bagnato (pioggia);Asfaltata;Verticale ed orizzontale;Pioggia in atto;Normale;Buona;Ore Diurne;0;0;0;2;12.56289;41.89503;-1;2;Autovettura privata;In marcia / fermata / arresto;Conducente;M;Illeso;0;;Non accertato;Inesploso
2197109;9;12/11/2014 15:45;Strada Urbana;VIA APPIA NUOVA;in prossimità;;del civico n.;418;;Scontro laterale fra veicoli in marcia;Rettilineo;Più di due carreggiate;Asciutto;Asfaltata;Verticale ed orizzontale;Sereno;Normale;Buona;Ore Diurne;0;0;0;2;12.54838;41.85126;-1;1;Autocarro superiore 35 q.;In marcia / fermata / arresto;Conducente;M;Illeso;0;;Utilizzato;Inesploso
2197109;9;12/11/2014 15:45;Strada Urbana;VIA APPIA NUOVA;in prossimità;;del civico n.;418;;Scontro laterale fra veicoli in marcia;Rettilineo;Più di due carreggiate;Asciutto;Asfaltata;Verticale ed orizzontale;Sereno;Normale;Buona;Ore Diurne;0;0;0;2;12.54838;41.85126;-1;2;Autovettura privata;In marcia / fermata / arresto;Conducente;F;Illeso;0;;Utilizzato;Inesploso
2197118;3;12/11/2014 15:25;Strada Urbana;VIALE PIERO GOBETTI;da specificare;;;;prossimità fronte civico 2A;Veicolo in marcia contro veicolo arresto;Rettilineo;Due carreggiate;Bagnato (pioggia);Asfaltata;Verticale ed orizzontale;Nuvoloso;Scarso;Buona;Ore Diurne;1;0;0;2;12.51138;41.90209;-1;1;Autovettura privata;In marcia / fermata / arresto;Conducente;F;Illeso;0;;Non accertato;Inesploso
2197118;3;12/11/2014 15:25;Strada Urbana;VIALE PIERO GOBETTI;da specificare;;;;prossimità fronte civico 2A;Veicolo in marcia contro veicolo arresto;Rettilineo;Due carreggiate;Bagnato (pioggia);Asfaltata;Verticale ed orizzontale;Nuvoloso;Scarso;Buona;Ore Diurne;1;0;0;2;12.51138;41.90209;-1;1;Autovettura privata;In marcia / fermata / arresto;Passeggero;F;Illeso;0;;Non accertato;Inesploso
2197118;3;12/11/2014 15:25;Strada Urbana;VIALE PIERO GOBETTI;da specificare;;;;prossimità fronte civico 2A;Veicolo in marcia contro veicolo arresto;Rettilineo;Due carreggiate;Bagnato (pioggia);Asfaltata;Verticale ed orizzontale;Nuvoloso;Scarso;Buona;Ore Diurne;1;0;0;2;12.51138;41.90209;-1;2;Motociclo a solo;In marcia / fermata / arresto;Conducente;M;Rimandato;0;NON DECEDUTO;Utilizzato;
2197159;16;08/11/2014 13:45;Strada Urbana;VIALE DEI COLLI PORTUENSI;in corrispondenza;;del civico n.;185;;Scontro laterale fra veicoli in marcia;Rettilineo;Due carreggiate;Asciutto;Asfaltata;Verticale ed orizzontale;Sereno;Scarso;Buona;Ore Diurne;0;0;0;3;12.44324;41.8709;-1;1;Motociclo a solo;In marcia / fermata / arresto;Conducente;F;Illeso;0;;Non accertato;
2197159;16;08/11/2014 13:45;Strada Urbana;VIALE DEI COLLI PORTUENSI;in corrispondenza;;del civico n.;185;;Scontro laterale fra veicoli in marcia;Rettilineo;Due carreggiate;Asciutto;Asfaltata;Verticale ed orizzontale;Sereno;Scarso;Buona;Ore Diurne;0;0;0;3;12.44324;41.8709;-1;2;Autovettura privata;In marcia / fermata / arresto;Conducente;M;Illeso;0;;Non accertato;
2197159;16;08/11/2014 13:45;Strada Urbana;VIALE DEI COLLI PORTUENSI;in corrispondenza;;del civico n.;185;;Scontro laterale fra veicoli in marcia;Rettilineo;Due carreggiate;Asciutto;Asfaltata;Verticale ed orizzontale;Sereno;Scarso;Buona;Ore Diurne;0;0;0;3;12.44324;41.8709;-1;3;Motociclo a solo;In marcia / fermata / arresto;Conducente;M;Illeso;0;;Non accertato;
2197172;5;12/11/2014 09:00;Strada Urbana;VIA TIBURTINA;da specificare;;;;cavalcavia Ponte Mammolo direzione Centro;Veicolo in marcia contro ostacolo fisso;Curva a visuale libera;Una carreggiata a senso unico di marcia;Bagnato (pioggia);Asfaltata;Orizzontale;Nuvoloso;Scarso;Buona;Ore Diurne;1;0;0;0;12.56494;41.92071;-1;1;Autovettura privata;In marcia / fermata / arresto;Conducente;M;Rimandato;0;NON DECEDUTO;Non accertato;
2197186;5;12/11/2014 08:00;Strada Urbana;VIA DI CASAL BIANCO;all'intersezione con;VIALE ATTILIO BERTOLUCCI;VIALE ATTILIO BERTOLUCCI;;;Scontro frontale/laterale DX fra veicoli in marcia;Intersezione stradale segnalata;Una carreggiata a doppio senso;Bagnato (pioggia);Asfaltata;Verticale ed orizzontale;Pioggia in atto;Scarso;Buona;Ore Diurne;0;0;0;3;12.63083;41.94271;-1;1;Motociclo a solo;In marcia / fermata / arresto;Conducente;M;Illeso;0;;Non accertato;
2197186;5;12/11/2014 08:00;Strada Urbana;VIA DI CASAL BIANCO;all'intersezione con;VIALE ATTILIO BERTOLUCCI;VIALE ATTILIO BERTOLUCCI;;;Scontro frontale/laterale DX fra veicoli in marcia;Intersezione stradale segnalata;Una carreggiata a doppio senso;Bagnato (pioggia);Asfaltata;Verticale ed orizzontale;Pioggia in atto;Scarso;Buona;Ore Diurne;0;0;0;3;12.63083;41.94271;-1;2;Autovettura privata;In marcia / fermata / arresto;Conducente;M;Illeso;0;;Non accertato;Inesistente
2197186;5;12/11/2014 08:00;Strada Urbana;VIA DI CASAL BIANCO;all'intersezione con;VIALE ATTILIO BERTOLUCCI;VIALE ATTILIO BERTOLUCCI;;;Scontro frontale/laterale DX fra veicoli in marcia;Intersezione stradale segnalata;Una carreggiata a doppio senso;Bagnato (pioggia);Asfaltata;Verticale ed orizzontale;Pioggia in atto;Scarso;Buona;Ore Diurne;0;0;0;3;12.63083;41.94271;-1;2;Autovettura privata;In marcia / fermata / arresto;Passeggero;M;Illeso;0;;Non accertato;Inesistente
2197189;5;12/11/2014 07:40;Strada Urbana;VIA TIBURTINA;da specificare;;;;viadotto altezza metro ponte mammolo;Veicolo in marcia contro ostacolo fisso;Curva senza visuale libera;Due carreggiate;Bagnato (pioggia);Asfaltata;Orizzontale;Pioggia in atto;Normale;Buona;Ore Diurne;1;0;0;0;12.56935;41.9242;-1;1;Autovettura privata;In marcia / fermata / arresto;Conducente;F;Rimandato;0;NON DECEDUTO;Non accertato;
2197199;5;12/11/2014 10:50;Strada Urbana;VIALE DEL TECNOPOLO;da specificare;;;;altezza via Calabrini;Veicolo in marcia contro ostacolo fisso;Curva a visuale libera;Due carreggiate;Bagnato (pioggia);Asfaltata;Orizzontale;Nuvoloso;Scarso;Buona;Ore Diurne;0;0;0;3;12.64005;41.93736;-1;1;Autovettura privata;In marcia / fermata / arresto;Conducente;F;Illeso;0;;Non accertato;
2197199;5;12/11/2014 10:50;Strada Urbana;VIALE DEL TECNOPOLO;da specificare;;;;altezza via Calabrini;Veicolo in marcia contro ostacolo fisso;Curva a visuale libera;Due carreggiate;Bagnato (pioggia);Asfaltata;Orizzontale;Nuvoloso;Scarso;Buona;Ore Diurne;0;0;0;3;12.64005;41.93736;-1;1;Autovettura privata;In marcia / fermata / arresto;Passeggero;M;Illeso;0;;Non accertato;
2197199;5;12/11/2014 10:50;Strada Urbana;VIALE DEL TECNOPOLO;da specificare;;;;altezza via Calabrini;Veicolo in marcia contro ostacolo fisso;Curva a visuale libera;Due carreggiate;Bagnato (pioggia);Asfaltata;Orizzontale;Nuvoloso;Scarso;Buona;Ore Diurne;0;0;0;3;12.64005;41.93736;-1;1;Autovettura privata;In marcia / fermata / arresto;Passeggero;F;Illeso;0;;Non accertato;
2197204;5;12/11/2014 11:00;Strada Urbana;VIALE DEL TECNOPOLO;da specificare;;;;altezza via Calabrini;Veicolo in marcia contro ostacolo fisso;Curva a visuale libera;Due carreggiate;Bagnato (pioggia);Asfaltata;Orizzontale;Nuvoloso;Scarso;Buona;Ore Diurne;0;0;0;2;12.63522;41.93291;-1;1;Autovettura privata;In marcia / fermata / arresto;Conducente;M;Illeso;0;;Non accertato;Inesploso
2197204;5;12/11/2014 11:00;Strada Urbana;VIALE DEL TECNOPOLO;da specificare;;;;altezza via Calabrini;Veicolo in marcia contro ostacolo fisso;Curva a visuale libera;Due carreggiate;Bagnato (pioggia);Asfaltata;Orizzontale;Nuvoloso;Scarso;Buona;Ore Diurne;0;0;0;2;12.63522;41.93291;-1;1;Autovettura privata;In marcia / fermata / arresto;Passeggero;F;Illeso;0;;Non accertato;Inesploso
2197216;19;08/11/2014 18:15;Strada Urbana;VIA FEDERICO BORROMEO;da specificare;;;;altezza intersezione con Via Amgelo Mai;Investimento di pedone;Rettilineo;Una carreggiata a doppio senso;Asciutto;Asfaltata;Orizzontale;Sereno;Normale;Buona;Sufficiente;2;0;0;0;12.415;41.91673;-1;;;;Pedone;F;Rimandato;0;NON DECEDUTO;;
2197216;19;08/11/2014 18:15;Strada Urbana;VIA FEDERICO BORROMEO;da specificare;;;;altezza intersezione con Via Amgelo Mai;Investimento di pedone;Rettilineo;Una carreggiata a doppio senso;Asciutto;Asfaltata;Orizzontale;Sereno;Normale;Buona;Sufficiente;2;0;0;0;12.415;41.91673;-1;1;Motociclo a solo;In marcia / fermata / arresto;Conducente;M;Ricoverato;0;NON DECEDUTO;Non accertato;
2197256;18;12/11/2014 18:20;Strada Urbana;LARGO ALESSANDRO CARAVILLANI;all'intersezione semaforizzata con;VIA BARTOLO DA SASSOFERRATO;VIA BARTOLO DA SASSOFERRATO;;;Scontro frontale/laterale DX fra veicoli in marcia;Intersezione semaforizzata;Due carreggiate;Asciutto;Asfaltata;Verticale ed orizzontale;Nuvoloso;Intenso;Sufficiente;Sufficiente;2;0;0;0;12.42707;41.89957;-1;1;Autovettura privata;In marcia / fermata / arresto;Conducente;M;Rifiuta cure immediate;0;NON DECEDUTO;Non accertato;Inesploso
2197256;18;12/11/2014 18:20;Strada Urbana;LARGO ALESSANDRO CARAVILLANI;all'intersezione semaforizzata con;VIA BARTOLO DA SASSOFERRATO;VIA BARTOLO DA SASSOFERRATO;;;Scontro frontale/laterale DX fra veicoli in marcia;Intersezione semaforizzata;Due carreggiate;Asciutto;Asfaltata;Verticale ed orizzontale;Nuvoloso;Intenso;Sufficiente;Sufficiente;2;0;0;0;12.42707;41.89957;-1;2;Motociclo a solo;In marcia / fermata / arresto;Conducente;M;Rimandato;0;NON DECEDUTO;Utilizzato;
2197275;2;12/11/2014 15:30;Strada Urbana;VIA COLLALTO SABINO;da specificare;;;;altezza piazza Palombara Sabina;Scontro laterale fra veicoli in marcia;Rettilineo;Una carreggiata a senso unico di marcia;Asciutto;Asfaltata;Verticale ed orizzontale;Nuvoloso;Normale;Buona;Ore Diurne;0;0;0;2;12.51852;41.93208;-1;1;Autovettura privata;In marcia / fermata / arresto;Conducente;M;Illeso;0;;Non accertato;Inesploso
2197275;2;12/11/2014 15:30;Strada Urbana;VIA COLLALTO SABINO;da specificare;;;;altezza piazza Palombara Sabina;Scontro laterale fra veicoli in marcia;Rettilineo;Una carreggiata a senso unico di marcia;Asciutto;Asfaltata;Verticale ed orizzontale;Nuvoloso;Normale;Buona;Ore Diurne;0;0;0;2;12.51852;41.93208;-1;2;Motociclo a solo;In marcia / fermata / arresto;Conducente;M;Illeso;0;;;
2197281;12;11/11/2014 18:10;Strada Urbana;VIA DELLA CECCHIGNOLA;da specificare;;;;in prossimità Castel di Leva;Scontro laterale fra veicoli in marcia;Rettilineo;Una carreggiata a doppio senso;Asciutto;Asfaltata;Verticale ed orizzontale;Sereno;Intenso;Insufficiente;Inesistente;0;0;0;1;12.50817;41.79177;-1;1;Autovettura privata;In marcia / fermata / arresto;Conducente;F;Illeso;0;;Utilizzato;Inesploso
2197292;15;12/11/2014 08:15;Comunale extraurbana;VIA DI PONTE GALERIA;da specificare;;;;snc;Fuoriuscita dalla sede stradale;Rettilineo;Una carreggiata a doppio senso;Bagnato (pioggia);Asfaltata;Orizzontale;Nuvoloso;Scarso;Buona;Ore Diurne;1;0;0;0;12.34224;41.82544;-1;1;Autocarro superiore 35 q.;In marcia / fermata / arresto;Conducente;M;Ricoverato;0;NON DECEDUTO;Utilizzato;
2197502;5;12/11/2014 18:20;Strada Urbana;VIA DI TOR CERVARA;in prossimità;;del civico n.;65;;Investimento di pedone;Rettilineo;Una carreggiata a doppio senso;Asciutto;Asfaltata;Orizzontale;Nuvoloso;Normale;Insufficiente;Insufficiente;2;0;0;0;12.58754;41.92708;-1;;;;Pedone;M;Rimandato;0;NON DECEDUTO;;
2197502;5;12/11/2014 18:20;Strada Urbana;VIA DI TOR CERVARA;in prossimità;;del civico n.;65;;Investimento di pedone;Rettilineo;Una carreggiata a doppio senso;Asciutto;Asfaltata;Orizzontale;Nuvoloso;Normale;Insufficiente;Insufficiente;2;0;0;0;12.58754;41.92708;-1;1;Motociclo a solo;In marcia / fermata / arresto;Conducente;M;Rimandato;0;NON DECEDUTO;Non accertato;
2197505;18;11/11/2014 09:30;Strada Urbana;VIA MATTIA BATTISTINI;in corrispondenza;;del civico n.;122;;Scontro frontale/laterale SX fra veicoli in marcia;Rettilineo;Una carreggiata a doppio senso;Asciutto;Asfaltata;Verticale ed orizzontale;Nuvoloso;Normale;Buona;Ore Diurne;1;0;0;1;12.41668;41.90759;-1;1;Autovettura privata;In marcia / fermata / arresto;Conducente;M;Illeso;0;;Non accertato;Inesploso
2197505;18;11/11/2014 09:30;Strada Urbana;VIA MATTIA BATTISTINI;in corrispondenza;;del civico n.;122;;Scontro frontale/laterale SX fra veicoli in marcia;Rettilineo;Una carreggiata a doppio senso;Asciutto;Asfaltata;Verticale ed orizzontale;Nuvoloso;Normale;Buona;Ore Diurne;1;0;0;1;12.41668;41.90759;-1;2;Motociclo a solo;In marcia / fermata / arresto;Conducente;M;Rimandato;0;NON DECEDUTO;Non accertato;
2197512;15;12/11/2014 13:40;Strada Urbana;PONTE GUGLIELMO MARCONI;da specificare;;;; a circa 60 mt. da Piazza A.Righi;Tamponamento Multiplo;Rettilineo;Una carreggiata a doppio senso;Asciutto;Asfaltata;Orizzontale;Nuvoloso;Normale;Buona;Ore Diurne;0;0;0;3;12.4709;41.85716;-1;1;Autovettura privata;In marcia / fermata / arresto;Conducente;F;Illeso;0;;Utilizzato;
2197512;15;12/11/2014 13:40;Strada Urbana;PONTE GUGLIELMO MARCONI;da specificare;;;; a circa 60 mt. da Piazza A.Righi;Tamponamento Multiplo;Rettilineo;Una carreggiata a doppio senso;Asciutto;Asfaltata;Orizzontale;Nuvoloso;Normale;Buona;Ore Diurne;0;0;0;3;12.4709;41.85716;-1;2;Autovettura privata;In marcia / fermata / arresto;Conducente;F;Illeso;0;;Utilizzato;
2197512;15;12/11/2014 13:40;Strada Urbana;PONTE GUGLIELMO MARCONI;da specificare;;;; a circa 60 mt. da Piazza A.Righi;Tamponamento Multiplo;Rettilineo;Una carreggiata a doppio senso;Asciutto;Asfaltata;Orizzontale;Nuvoloso;Normale;Buona;Ore Diurne;0;0;0;3;12.4709;41.85716;-1;3;Autovettura privata;In marcia / fermata / arresto;Conducente;M;Illeso;0;;Non accertato;
2197515;10;12/11/2014 06:10;Statale entro l'abitato;VIA TUSCOLANA;in prossimità;;del civico n.;1219;;Tamponamento;Rettilineo;Due carreggiate;Bagnato (pioggia);Asfaltata;Verticale ed orizzontale;Pioggia in atto;Normale;Buona;Sufficiente;0;0;0;2;12.59864;41.83744;-1;1;Autovettura privata;In marcia / fermata / arresto;Conducente;M;Illeso;0;;Non accertato;Inesploso
2197515;10;12/11/2014 06:10;Statale entro l'abitato;VIA TUSCOLANA;in prossimità;;del civico n.;1219;;Tamponamento;Rettilineo;Due carreggiate;Bagnato (pioggia);Asfaltata;Verticale ed orizzontale;Pioggia in atto;Normale;Buona;Sufficiente;0;0;0;2;12.59864;41.83744;-1;2;Autovettura privata;In marcia / fermata / arresto;Conducente;M;Illeso;0;;Non accertato;Inesploso
2197517;10;12/11/2014 18:00;Strada Urbana;VIA BERNARDINO ALIMENA;all'intersezione con;PIAZZA FABIO SABATINI;PIAZZA FABIO SABATINI;;;Tamponamento;Incrocio;Una carreggiata a doppio senso;Asciutto;Asfaltata;Verticale ed orizzontale;Nuvoloso;Normale;Sufficiente;Sufficiente;0;0;0;2;12.60342;41.84748;-1;1;Autovettura privata;In marcia / fermata / arresto;Conducente;M;Illeso;0;;Non accertato;Inesploso
2197517;10;12/11/2014 18:00;Strada Urbana;VIA BERNARDINO ALIMENA;all'intersezione con;PIAZZA FABIO SABATINI;PIAZZA FABIO SABATINI;;;Tamponamento;Incrocio;Una carreggiata a doppio senso;Asciutto;Asfaltata;Verticale ed orizzontale;Nuvoloso;Normale;Sufficiente;Sufficiente;0;0;0;2;12.60342;41.84748;-1;2;Autovettura privata;In marcia / fermata / arresto;Conducente;M;Illeso;0;;Non accertato;Inesploso
2197518;15;12/11/2014 12:35;Strada Urbana;VIA PORTUENSE;in corrispondenza;;del civico n.;818/B;;Scontro laterale fra veicoli in marcia;Rettilineo;Una carreggiata a doppio senso;Bagnato (pioggia);Asfaltata;Assente;Nuvoloso;Normale;Sufficiente;Ore Diurne;0;0;0;2;12.42044;41.84898;-1;1;Autovettura privata;In marcia / fermata / arresto;Conducente;F;Illeso;0;;Utilizzato;
2197518;15;12/11/2014 12:35;Strada Urbana;VIA PORTUENSE;in corrispondenza;;del civico n.;818/B;;Scontro laterale fra veicoli in marcia;Rettilineo;Una carreggiata a doppio senso;Bagnato (pioggia);Asfaltata;Assente;Nuvoloso;Normale;Sufficiente;Ore Diurne;0;0;0;2;12.42044;41.84898;-1;2;Motociclo a solo;In marcia / fermata / arresto;Conducente;M;Illeso;0;;Utilizzato;
2197523;10;12/11/2014 09:30;Strada Urbana;VIA SAN BASILE;all'intersezione con;VIA DI CASAL MORENA;VIA DI CASAL MORENA;;;Scontro frontale/laterale DX fra veicoli in marcia;Incrocio;Due carreggiate;Bagnato (pioggia);Asfaltata;Verticale ed orizzontale;Nuvoloso;Normale;Buona;Ore Diurne;0;0;0;2;12.61744;41.82953;-1;1;Autovettura privata;In marcia / fermata / arresto;Conducente;M;Illeso;0;;Non accertato;Inesploso
2197523;10;12/11/2014 09:30;Strada Urbana;VIA SAN BASILE;all'intersezione con;VIA DI CASAL MORENA;VIA DI CASAL MORENA;;;Scontro frontale/laterale DX fra veicoli in marcia;Incrocio;Due carreggiate;Bagnato (pioggia);Asfaltata;Verticale ed orizzontale;Nuvoloso;Normale;Buona;Ore Diurne;0;0;0;2;12.61744;41.82953;-1;2;Autovettura privata;In marcia / fermata / arresto;Conducente;M;Illeso;0;;Non accertato;Inesploso
2197524;8;12/11/2014 06:30;Strada Urbana;VIA PRENESTINA;da specificare;;;;in prossimità di Via Pratolungo Casilino;Scontro frontale fra veicoli in marcia;Curva senza visuale libera;Una carreggiata a doppio senso;Bagnato (pioggia);Asfaltata;Verticale ed orizzontale;Pioggia in atto;Normale;Insufficiente;Inesistente;25;0;0;1;12.6069;41.89378;-1;1;Trattore stradale;In marcia / fermata / arresto;Conducente;M;Illeso;0;;Non accertato;Inesploso
2197524;8;12/11/2014 06:30;Strada Urbana;VIA PRENESTINA;da specificare;;;;in prossimità di Via Pratolungo Casilino;Scontro frontale fra veicoli in marcia;Curva senza visuale libera;Una carreggiata a doppio senso;Bagnato (pioggia);Asfaltata;Verticale ed orizzontale;Pioggia in atto;Normale;Insufficiente;Inesistente;25;0;0;1;12.6069;41.89378;-1;2;Autobus in extraurbana;In marcia / fermata / arresto;Conducente;M;Rimandato;0;NON DECEDUTO;Non accertato;Inesploso
2197524;8;12/11/2014 06:30;Strada Urbana;VIA PRENESTINA;da specificare;;;;in prossimità di Via Pratolungo Casilino;Scontro frontale fra veicoli in marcia;Curva senza visuale libera;Una carreggiata a doppio senso;Bagnato (pioggia);Asfaltata;Verticale ed orizzontale;Pioggia in atto;Normale;Insufficiente;Inesistente;25;0;0;1;12.6069;41.89378;-1;2;Autobus in extraurbana;In marcia / fermata / arresto;Passeggero;M;Rimandato;0;NON DECEDUTO;Non accertato;Inesploso
2197524;8;12/11/2014 06:30;Strada Urbana;VIA PRENESTINA;da specificare;;;;in prossimità di Via Pratolungo Casilino;Scontro frontale fra veicoli in marcia;Curva senza visuale libera;Una carreggiata a doppio senso;Bagnato (pioggia);Asfaltata;Verticale ed orizzontale;Pioggia in atto;Normale;Insufficiente;Inesistente;25;0;0;1;12.6069;41.89378;-1;2;Autobus in extraurbana;In marcia / fermata / arresto;Passeggero;F;Rimandato;0;NON DECEDUTO;Non accertato;Inesploso
2197524;8;12/11/2014 06:30;Strada Urbana;VIA PRENESTINA;da specificare;;;;in prossimità di Via Pratolungo Casilino;Scontro frontale fra veicoli in marcia;Curva senza visuale libera;Una carreggiata a doppio senso;Bagnato (pioggia);Asfaltata;Verticale ed orizzontale;Pioggia in atto;Normale;Insufficiente;Inesistente;25;0;0;1;12.6069;41.89378;-1;2;Autobus in extraurbana;In marcia / fermata / arresto;Passeggero;F;Rimandato;0;NON DECEDUTO;Non accertato;Inesploso
2197524;8;12/11/2014 06:30;Strada Urbana;VIA PRENESTINA;da specificare;;;;in prossimità di Via Pratolungo Casilino;Scontro frontale fra veicoli in marcia;Curva senza visuale libera;Una carreggiata a doppio senso;Bagnato (pioggia);Asfaltata;Verticale ed orizzontale;Pioggia in atto;Normale;Insufficiente;Inesistente;25;0;0;1;12.6069;41.89378;-1;2;Autobus in extraurbana;In marcia / fermata / arresto;Passeggero;M;Rimandato;0;NON DECEDUTO;Non accertato;Inesploso
2197524;8;12/11/2014 06:30;Strada Urbana;VIA PRENESTINA;da specificare;;;;in prossimità di Via Pratolungo Casilino;Scontro frontale fra veicoli in marcia;Curva senza visuale libera;Una carreggiata a doppio senso;Bagnato (pioggia);Asfaltata;Verticale ed orizzontale;Pioggia in atto;Normale;Insufficiente;Inesistente;25;0;0;1;12.6069;41.89378;-1;2;Autobus in extraurbana;In marcia / fermata / arresto;Passeggero;F;Rimandato;0;NON DECEDUTO;Non accertato;Inesploso
2197524;8;12/11/2014 06:30;Strada Urbana;VIA PRENESTINA;da specificare;;;;in prossimità di Via Pratolungo Casilino;Scontro frontale fra veicoli in marcia;Curva senza visuale libera;Una carreggiata a doppio senso;Bagnato (pioggia);Asfaltata;Verticale ed orizzontale;Pioggia in atto;Normale;Insufficiente;Inesistente;25;0;0;1;12.6069;41.89378;-1;2;Autobus in extraurbana;In marcia / fermata / arresto;Passeggero;F;Rimandato;0;NON DECEDUTO;Non accertato;Inesploso
2197524;8;12/11/2014 06:30;Strada Urbana;VIA PRENESTINA;da specificare;;;;in prossimità di Via Pratolungo Casilino;Scontro frontale fra veicoli in marcia;Curva senza visuale libera;Una carreggiata a doppio senso;Bagnato (pioggia);Asfaltata;Verticale ed orizzontale;Pioggia in atto;Normale;Insufficiente;Inesistente;25;0;0;1;12.6069;41.89378;-1;2;Autobus in extraurbana;In marcia / fermata / arresto;Passeggero;M;Rimandato;0;NON DECEDUTO;Non accertato;Inesploso
2197524;8;12/11/2014 06:30;Strada Urbana;VIA PRENESTINA;da specificare;;;;in prossimità di Via Pratolungo Casilino;Scontro frontale fra veicoli in marcia;Curva senza visuale libera;Una carreggiata a doppio senso;Bagnato (pioggia);Asfaltata;Verticale ed orizzontale;Pioggia in atto;Normale;Insufficiente;Inesistente;25;0;0;1;12.6069;41.89378;-1;2;Autobus in extraurbana;In marcia / fermata / arresto;Passeggero;F;Rimandato;0;NON DECEDUTO;Non accertato;Inesploso
2197524;8;12/11/2014 06:30;Strada Urbana;VIA PRENESTINA;da specificare;;;;in prossimità di Via Pratolungo Casilino;Scontro frontale fra veicoli in marcia;Curva senza visuale libera;Una carreggiata a doppio senso;Bagnato (pioggia);Asfaltata;Verticale ed orizzontale;Pioggia in atto;Normale;Insufficiente;Inesistente;25;0;0;1;12.6069;41.89378;-1;2;Autobus in extraurbana;In marcia / fermata / arresto;Passeggero;F;Rimandato;0;NON DECEDUTO;Non accertato;Inesploso