Protocollo;Gruppo;DataOraIncidente;Localizzazione1;STRADA1;Localizzazione2;STRADA2;Strada02;Chilometrica;DaSpecificare;NaturaIncidente;particolaritastrade;TipoStrada;FondoStradale;Pavimentazione;Segnaletica;CondizioneAtmosferica;Traffico;Visibilita;Illuminazione;NUM_FERITI;NUM_RISERVATA;NUM_MORTI;NUM_ILLESI;Longitudine;Latitudine;Confermato;Progressivo;TipoVeicolo;StatoVeicolo;TipoPersona;Sesso;Tipolesione;Deceduto;DecedutoDopo;CinturaCascoUtilizzato;Airbag
2199762;11;15/11/2014 03:20;Strada Urbana;VIA DEL GAZOMETRO;all'intersezione semaforizzata con;VIA DEL PORTO FLUVIALE;VIA DEL PORTO FLUVIALE;;;Scontro frontale/laterale SX fra veicoli in marcia;Intersezione semaforizzata;Più di due carreggiate;Asciutto;Asfaltata;Verticale ed orizzontale;Sereno;Scarso;Sufficiente;Sufficiente;2;0;0;4;12.47869;41.87238;-1;1;Autovettura privata;In marcia / fermata / arresto;Passeggero;M;Rifiuta cure immediate;0;NON DECEDUTO;Non accertato;Inesploso
2199762;11;15/11/2014 03:20;Strada Urbana;VIA DEL GAZOMETRO;all'intersezione semaforizzata con;VIA DEL PORTO FLUVIALE;VIA DEL PORTO FLUVIALE;;;Scontro frontale/laterale SX fra veicoli in marcia;Intersezione semaforizzata;Più di due carreggiate;Asciutto;Asfaltata;Verticale ed orizzontale;Sereno;Scarso;Sufficiente;Sufficiente;2;0;0;4;12.47869;41.87238;-1;2;Autovettura privata;In marcia / fermata / arresto;Conducente;M;Illeso;0;;Non accertato;Inesploso
2199762;11;15/11/2014 03:20;Strada Urbana;VIA DEL GAZOMETRO;all'intersezione semaforizzata con;VIA DEL PORTO FLUVIALE;VIA DEL PORTO FLUVIALE;;;Scontro frontale/laterale SX fra veicoli in marcia;Intersezione semaforizzata;Più di due carreggiate;Asciutto;Asfaltata;Verticale ed orizzontale;Sereno;Scarso;Sufficiente;Sufficiente;2;0;0;4;12.47869;41.87238;-1;2;Autovettura privata;In marcia / fermata / arresto;Passeggero;M;Illeso;0;;Non accertato;Inesploso
2199765;11;14/11/2014 21:30;Strada Urbana;VIA CRISTOFORO COLOMBO;da specificare;;;;"prox fermata bus ""Colombo Laurentina"" ";Scontro laterale fra veicoli in marcia;Rettilineo;Più di due carreggiate;Asciutto;Asfaltata;Verticale ed orizzontale;Sereno;Scarso;Sufficiente;Sufficiente;0;0;0;4;12.47878;41.84623;-1;1;Autovettura privata;In marcia / fermata / arresto;Conducente;M;Illeso;0;;Non accertato;
2199765;11;14/11/2014 21:30;Strada Urbana;VIA CRISTOFORO COLOMBO;da specificare;;;;"prox fermata bus ""Colombo Laurentina"" ";Scontro laterale fra veicoli in marcia;Rettilineo;Più di due carreggiate;Asciutto;Asfaltata;Verticale ed orizzontale;Sereno;Scarso;Sufficiente;Sufficiente;0;0;0;4;12.47878;41.84623;-1;1;Autovettura privata;In marcia / fermata / arresto;Passeggero;F;Illeso;0;;Non accertato;
2199765;11;14/11/2014 21:30;Strada Urbana;VIA CRISTOFORO COLOMBO;da specificare;;;;"prox fermata bus ""Colombo Laurentina"" ";Scontro laterale fra veicoli in marcia;Rettilineo;Più di due carreggiate;Asciutto;Asfaltata;Verticale ed orizzontale;Sereno;Scarso;Sufficiente;Sufficiente;0;0;0;4;12.47878;41.84623;-1;2;Autocarro inferiore 35 q.;In marcia / fermata / arresto;Conducente;M;Illeso;0;;Non accertato;
2199765;11;14/11/2014 21:30;Strada Urbana;VIA CRISTOFORO COLOMBO;da specificare;;;;"prox fermata bus ""Colombo Laurentina"" ";Scontro laterale fra veicoli in marcia;Rettilineo;Più di due carreggiate;Asciutto;Asfaltata;Verticale ed orizzontale;Sereno;Scarso;Sufficiente;Sufficiente;0;0;0;4;12.47878;41.84623;-1;2;Autocarro inferiore 35 q.;In marcia / fermata / arresto;Passeggero;M;Illeso;0;;Non accertato;
2199771;13;14/11/2014 12:05;Strada Urbana;VIA ISOLE DEL CAPO VERDE;in corrispondenza;;del civico n.;25;;Scontro laterale fra veicoli in marcia;Rettilineo;Due carreggiate;Asciutto;Asfaltata;Orizzontale;Sereno;Normale;Buona;Ore Diurne;0;0;0;3;12.27835;41.73846;-1;1;Autocarro inferiore 35 q.;In marcia / fermata / arresto;Conducente;M;Illeso;0;;Non accertato;Inesploso
2199771;13;14/11/2014 12:05;Strada Urbana;VIA ISOLE DEL CAPO VERDE;in corrispondenza;;del civico n.;25;;Scontro laterale fra veicoli in marcia;Rettilineo;Due carreggiate;Asciutto;Asfaltata;Orizzontale;Sereno;Normale;Buona;Ore Diurne;0;0;0;3;12.27835;41.73846;-1;2;Autovettura privata;In marcia / fermata / arresto;Conducente;M;Illeso;0;;Non accertato;Inesploso
2199771;13;14/11/2014 12:05;Strada Urbana;VIA ISOLE DEL CAPO VERDE;in corrispondenza;;del civico n.;25;;Scontro laterale fra veicoli in marcia;Rettilineo;Due carreggiate;Asciutto;Asfaltata;Orizzontale;Sereno;Normale;Buona;Ore Diurne;0;0;0;3;12.27835;41.73846;-1;2;Autovettura privata;In marcia / fermata / arresto;Passeggero;M;Illeso;0;;Non accertato;Inesploso
2199777;8;14/11/2014 10:35;Strada Urbana;VIA DELL'ACQUA VERGINE;in prossimità;;del civico n.;177;;Veicolo in marcia contro ostacolo accidentale;Rettilineo;Una carreggiata a doppio senso;Asciutto;Asfaltata;Orizzontale;Sereno;Normale;Buona;Ore Diurne;0;0;0;2;12.62557;41.89873;-1;1;Autovettura privata;In marcia / fermata / arresto;Conducente;M;Illeso;0;;Non accertato;Inesploso
2199777;8;14/11/2014 10:35;Strada Urbana;VIA DELL'ACQUA VERGINE;in prossimità;;del civico n.;177;;Veicolo in marcia contro ostacolo accidentale;Rettilineo;Una carreggiata a doppio senso;Asciutto;Asfaltata;Orizzontale;Sereno;Normale;Buona;Ore Diurne;0;0;0;2;12.62557;41.89873;-1;1;Autovettura privata;In marcia / fermata / arresto;Passeggero;M;Illeso;0;;Non accertato;Inesploso
2199779;8;14/11/2014 10:30;Strada Urbana;VIA DELL'ACQUA VERGINE;in prossimità;;del civico n.;177;;Veicolo in marcia contro ostacolo accidentale;Rettilineo;Una carreggiata a doppio senso;Asciutto;Asfaltata;Orizzontale;Sereno;Normale;Buona;Ore Diurne;0;0;0;1;12.62557;41.89873;-1;1;Autovettura privata;In marcia / fermata / arresto;Conducente;M;Illeso;0;;Non accertato;Inesploso
2199780;13;14/11/2014 16:30;Strada Urbana;VIA COSTANZO CASANA;in corrispondenza;;del civico n.;82;;Scontro laterale fra veicoli in marcia;Rettilineo;Due carreggiate;Asciutto;Asfaltata;Verticale ed orizzontale;Sereno;Normale;Buona;Sufficiente;0;0;0;2;12.272;41.73942;-1;1;Autovettura privata;In marcia / fermata / arresto;Conducente;M;Illeso;0;;Non accertato;Inesploso
2199780;13;14/11/2014 16:30;Strada Urbana;VIA COSTANZO CASANA;in corrispondenza;;del civico n.;82;;Scontro laterale fra veicoli in marcia;Rettilineo;Due carreggiate;Asciutto;Asfaltata;Verticale ed orizzontale;Sereno;Normale;Buona;Sufficiente;0;0;0;2;12.272;41.73942;-1;2;Autovettura privata;In marcia / fermata / arresto;Conducente;F;Illeso;0;;Non accertato;Inesploso
2199784;8;14/11/2014 19:00;Strada Urbana;VIA DEL FONTANILE DI CARCARICOLA;da specificare;;;;fronte ingresso V. Ricerca Scientifica;Veicolo in marcia contro ostacolo accidentale;Rettilineo;Due carreggiate;Asciutto;Con buche;Verticale ed orizzontale;Sereno;Normale;Buona;Sufficiente;0;0;0;1;12.60783;41.85249;-1;1;Autovettura privata;In marcia / fermata / arresto;Conducente;M;Illeso;0;;Non accertato;Inesploso
2199788;8;14/11/2014 20:30;Strada Urbana;VIA DI TORRENOVA;in prossimità;;del civico n.;57;;Veicolo in marcia contro ostacolo accidentale;Rettilineo;Una carreggiata a doppio senso;Asciutto;Asfaltata;Orizzontale;Sereno;Normale;Sufficiente;Sufficiente;0;0;0;1;12.6171;41.86746;-1;1;Autovettura privata;In marcia / fermata / arresto;Conducente;M;Illeso;0;;Non accertato;Inesploso
2199789;8;15/11/2014 00:35;Strada Urbana;VIALE DEI ROMANISTI;in prossimità;;del civico n.;100;;Veicolo in marcia contro ostacolo accidentale;Curva a visuale libera;Due carreggiate;Asciutto;Con buche;Verticale ed orizzontale;Sereno;Scarso;Sufficiente;Sufficiente;0;0;0;2;12.57941;41.86603;-1;1;Autovettura privata;In marcia / fermata / arresto;Conducente;M;Illeso;0;;Non accertato;Inesploso
2199789;8;15/11/2014 00:35;Strada Urbana;VIALE DEI ROMANISTI;in prossimità;;del civico n.;100;;Veicolo in marcia contro ostacolo accidentale;Curva a visuale libera;Due carreggiate;Asciutto;Con buche;Verticale ed orizzontale;Sereno;Scarso;Sufficiente;Sufficiente;0;0;0;2;12.57941;41.86603;-1;1;Autovettura privata;In marcia / fermata / arresto;Passeggero;F;Illeso;0;;Non accertato;
2199790;13;14/11/2014 16:30;Strada Urbana;VIA AGOSTINO CHIGI;da specificare;;;;in prossimita' via f. bozzini;Veicolo in marcia contro ostacolo fisso;Rettilineo;Una carreggiata a doppio senso;Asciutto;Asfaltata;Assente;Sereno;Normale;Buona;Ore Diurne;1;0;0;1;12.31418;41.76354;-1;1;Autovettura privata;In marcia / fermata / arresto;Conducente;M;Illeso;0;;Utilizzato;Inesploso
2199790;13;14/11/2014 16:30;Strada Urbana;VIA AGOSTINO CHIGI;da specificare;;;;in prossimita' via f. bozzini;Veicolo in marcia contro ostacolo fisso;Rettilineo;Una carreggiata a doppio senso;Asciutto;Asfaltata;Assente;Sereno;Normale;Buona;Ore Diurne;1;0;0;1;12.31418;41.76354;-1;1;Autovettura privata;In marcia / fermata / arresto;Passeggero;F;Ricoverato;0;NON DECEDUTO;Utilizzato;Inesploso
2199791;10;14/11/2014 19:00;Strada Urbana;VIA ANAGNINA;in prossimità;;del civico n.;302;;Tamponamento;Rettilineo;Due carreggiate;Asciutto;Asfaltata;Assente;Nuvoloso;Intenso;Sufficiente;Sufficiente;0;0;0;4;12.61022;41.82059;-1;1;Autovettura privata;In marcia / fermata / arresto;Conducente;F;Illeso;0;;Non accertato;Inesploso
2199791;10;14/11/2014 19:00;Strada Urbana;VIA ANAGNINA;in prossimità;;del civico n.;302;;Tamponamento;Rettilineo;Due carreggiate;Asciutto;Asfaltata;Assente;Nuvoloso;Intenso;Sufficiente;Sufficiente;0;0;0;4;12.61022;41.82059;-1;1;Autovettura privata;In marcia / fermata / arresto;Passeggero;F;Illeso;0;;Non accertato;Inesploso
2199791;10;14/11/2014 19:00;Strada Urbana;VIA ANAGNINA;in prossimità;;del civico n.;302;;Tamponamento;Rettilineo;Due carreggiate;Asciutto;Asfaltata;Assente;Nuvoloso;Intenso;Sufficiente;Sufficiente;0;0;0;4;12.61022;41.82059;-1;2;Autovettura privata;In marcia / fermata / arresto;Conducente;M;Illeso;0;;Non accertato;Inesploso
2199791;10;14/11/2014 19:00;Strada Urbana;VIA ANAGNINA;in prossimità;;del civico n.;302;;Tamponamento;Rettilineo;Due carreggiate;Asciutto;Asfaltata;Assente;Nuvoloso;Intenso;Sufficiente;Sufficiente;0;0;0;4;12.61022;41.82059;-1;2;Autovettura privata;In marcia / fermata / arresto;Passeggero;F;Illeso;0;;Non accertato;Inesploso
2199792;8;14/11/2014 23:45;Strada Urbana;VIA DELL'ARCHEOLOGIA;da specificare;;;;altezza Via Brambilla;Veicolo in marcia contro ostacolo accidentale;Rettilineo;Una carreggiata a doppio senso;Asciutto;Con buche;Verticale ed orizzontale;Sereno;Scarso;Sufficiente;Sufficiente;0;0;0;3;12.62974;41.87834;-1;1;Autovettura privata;In marcia / fermata / arresto;Conducente;M;Illeso;0;;Non accertato;Inesploso
2199792;8;14/11/2014 23:45;Strada Urbana;VIA DELL'ARCHEOLOGIA;da specificare;;;;altezza Via Brambilla;Veicolo in marcia contro ostacolo accidentale;Rettilineo;Una carreggiata a doppio senso;Asciutto;Con buche;Verticale ed orizzontale;Sereno;Scarso;Sufficiente;Sufficiente;0;0;0;3;12.62974;41.87834;-1;1;Autovettura privata;In marcia / fermata / arresto;Passeggero;F;Illeso;0;;Non accertato;Inesploso
2199792;8;14/11/2014 23:45;Strada Urbana;VIA DELL'ARCHEOLOGIA;da specificare;;;;altezza Via Brambilla;Veicolo in marcia contro ostacolo accidentale;Rettilineo;Una carreggiata a doppio senso;Asciutto;Con buche;Verticale ed orizzontale;Sereno;Scarso;Sufficiente;Sufficiente;0;0;0;3;12.62974;41.87834;-1;1;Autovettura privata;In marcia / fermata / arresto;Passeggero;F;Illeso;0;;Non accertato;Inesploso
2199793;13;14/11/2014 20:30;Strada Urbana;VIA CARLO CASINI;all'intersezione con;VIA ANGELO ALIPRANDI;VIA ANGELO ALIPRANDI;;;Scontro frontale/laterale DX fra veicoli in marcia;Incrocio;Una carreggiata a senso unico di marcia;Asciutto;Asfaltata;Assente;Sereno;Scarso;Sufficiente;Sufficiente;3;0;0;0;12.33726;41.78263;-1;1;Autovettura privata;In marcia / fermata / arresto;Conducente;F;Rimandato;0;NON DECEDUTO;Non accertato;Inesploso
2199793;13;14/11/2014 20:30;Strada Urbana;VIA CARLO CASINI;all'intersezione con;VIA ANGELO ALIPRANDI;VIA ANGELO ALIPRANDI;;;Scontro frontale/laterale DX fra veicoli in marcia;Incrocio;Una carreggiata a senso unico di marcia;Asciutto;Asfaltata;Assente;Sereno;Scarso;Sufficiente;Sufficiente;3;0;0;0;12.33726;41.78263;-1;2;Autovettura privata;In marcia / fermata / arresto;Conducente;F;Rimandato;0;NON DECEDUTO;Non accertato;Inesploso
2199793;13;14/11/2014 20:30;Strada Urbana;VIA CARLO CASINI;all'intersezione con;VIA ANGELO ALIPRANDI;VIA ANGELO ALIPRANDI;;;Scontro frontale/laterale DX fra veicoli in marcia;Incrocio;Una carreggiata a senso unico di marcia;Asciutto;Asfaltata;Assente;Sereno;Scarso;Sufficiente;Sufficiente;3;0;0;0;12.33726;41.78263;-1;2;Autovettura privata;In marcia / fermata / arresto;Passeggero;F;Rimandato;0;NON DECEDUTO;Non accertato;Inesploso
2199795;13;14/11/2014 20:30;Strada Urbana;VIA EGIDIO GARRA;all'intersezione con;VIA NICOLA ZINGARELLI;VIA NICOLA ZINGARELLI;;;Scontro laterale fra veicoli in marcia;Incrocio;Una carreggiata a doppio senso;Asciutto;Asfaltata;Verticale ed orizzontale;Sereno;Scarso;Buona;Sufficiente;1;0;0;1;12.37899;41.78899;-1;1;Autovettura privata;In marcia / fermata / arresto;Conducente;F;Illeso;0;;Non accertato;Inesploso
2199795;13;14/11/2014 20:30;Strada Urbana;VIA EGIDIO GARRA;all'intersezione con;VIA NICOLA ZINGARELLI;VIA NICOLA ZINGARELLI;;;Scontro laterale fra veicoli in marcia;Incrocio;Una carreggiata a doppio senso;Asciutto;Asfaltata;Verticale ed orizzontale;Sereno;Scarso;Buona;Sufficiente;1;0;0;1;12.37899;41.78899;-1;2;Ciclomotore;In marcia / fermata / arresto;Conducente;M;Rimandato;0;NON DECEDUTO;Non accertato;
2199797;8;14/11/2014 15:30;Statale entro l'abitato;CIRCONVALLAZIONE CASILINA;in prossimità;;del civico n.;1072;;Tamponamento;Rettilineo;Una carreggiata a doppio senso;Asciutto;Asfaltata;Verticale ed orizzontale;Sereno;Normale;Buona;Ore Diurne;0;0;0;3;12.6352;41.86368;-1;1;Autovettura privata;In marcia / fermata / arresto;Conducente;M;Illeso;0;;Non accertato;Inesploso
2199797;8;14/11/2014 15:30;Statale entro l'abitato;CIRCONVALLAZIONE CASILINA;in prossimità;;del civico n.;1072;;Tamponamento;Rettilineo;Una carreggiata a doppio senso;Asciutto;Asfaltata;Verticale ed orizzontale;Sereno;Normale;Buona;Ore Diurne;0;0;0;3;12.6352;41.86368;-1;1;Autovettura privata;In marcia / fermata / arresto;Passeggero;F;Illeso;0;;Non accertato;Inesploso
2199797;8;14/11/2014 15:30;Statale entro l'abitato;CIRCONVALLAZIONE CASILINA;in prossimità;;del civico n.;1072;;Tamponamento;Rettilineo;Una carreggiata a doppio senso;Asciutto;Asfaltata;Verticale ed orizzontale;Sereno;Normale;Buona;Ore Diurne;0;0;0;3;12.6352;41.86368;-1;2;Autocarro inferiore 35 q.;In marcia / fermata / arresto;Conducente;M;Illeso;0;;Non accertato;Inesploso
2199800;8;14/11/2014 20:00;Strada Urbana;VIA DI PASSOLOMBARDO;all'intersezione con;VIA BERKELEY;VIA BERKELEY;;;Scontro frontale/laterale DX fra veicoli in marcia;Intersezione stradale segnalata;Una carreggiata a doppio senso;Asciutto;Asfaltata;Verticale ed orizzontale;Sereno;Scarso;Sufficiente;Sufficiente;1;0;0;2;12.62706;41.8505;-1;1;Autovettura privata;In marcia / fermata / arresto;Conducente;M;Illeso;0;;Non accertato;Inesploso
2199800;8;14/11/2014 20:00;Strada Urbana;VIA DI PASSOLOMBARDO;all'intersezione con;VIA BERKELEY;VIA BERKELEY;;;Scontro frontale/laterale DX fra veicoli in marcia;Intersezione stradale segnalata;Una carreggiata a doppio senso;Asciutto;Asfaltata;Verticale ed orizzontale;Sereno;Scarso;Sufficiente;Sufficiente;1;0;0;2;12.62706;41.8505;-1;1;Autovettura privata;In marcia / fermata / arresto;Passeggero;M;Illeso;0;;Non accertato;Inesploso
2199800;8;14/11/2014 20:00;Strada Urbana;VIA DI PASSOLOMBARDO;all'intersezione con;VIA BERKELEY;VIA BERKELEY;;;Scontro frontale/laterale DX fra veicoli in marcia;Intersezione stradale segnalata;Una carreggiata a doppio senso;Asciutto;Asfaltata;Verticale ed orizzontale;Sereno;Scarso;Sufficiente;Sufficiente;1;0;0;2;12.62706;41.8505;-1;2;Autovettura privata;In marcia / fermata / arresto;Conducente;F;Rimandato;0;NON DECEDUTO;Non accertato;Inesploso
2199803;13;15/11/2014 02:45;Strada Urbana;VIA OSTIENSE;da specificare;;;;in prossimita' del palo acea 580;Veicolo in marcia contro ostacolo fisso;Curva senza visuale libera;Una carreggiata a doppio senso;Asciutto;Asfaltata;Verticale ed orizzontale;Sereno;Scarso;Sufficiente;Sufficiente;2;0;0;0;12.30211;41.75731;-1;1;Autovettura privata;In marcia / fermata / arresto;Conducente;M;Rimandato;0;NON DECEDUTO;Non accertato;Inesploso
2199803;13;15/11/2014 02:45;Strada Urbana;VIA OSTIENSE;da specificare;;;;in prossimita' del palo acea 580;Veicolo in marcia contro ostacolo fisso;Curva senza visuale libera;Una carreggiata a doppio senso;Asciutto;Asfaltata;Verticale ed orizzontale;Sereno;Scarso;Sufficiente;Sufficiente;2;0;0;0;12.30211;41.75731;-1;1;Autovettura privata;In marcia / fermata / arresto;Passeggero;F;Rifiuta cure immediate;0;NON DECEDUTO;Non accertato;Inesploso
2199804;8;14/11/2014 18:30;Strada Urbana;VIA DI TORRE SPACCATA;in prossimità;;del civico n.;194;;Scontro frontale/laterale SX fra veicoli in marcia;Rettilineo;Una carreggiata a doppio senso;Asciutto;Asfaltata;Orizzontale;Sereno;Intenso;Sufficiente;Sufficiente;0;0;0;4;12.58672;41.86573;-1;1;Autovettura privata;In marcia / fermata / arresto;Conducente;F;Illeso;0;;Non accertato;Inesploso
2199804;8;14/11/2014 18:30;Strada Urbana;VIA DI TORRE SPACCATA;in prossimità;;del civico n.;194;;Scontro frontale/laterale SX fra veicoli in marcia;Rettilineo;Una carreggiata a doppio senso;Asciutto;Asfaltata;Orizzontale;Sereno;Intenso;Sufficiente;Sufficiente;0;0;0;4;12.58672;41.86573;-1;1;Autovettura privata;In marcia / fermata / arresto;Passeggero;M;Illeso;0;;Non accertato;Inesploso
2199804;8;14/11/2014 18:30;Strada Urbana;VIA DI TORRE SPACCATA;in prossimità;;del civico n.;194;;Scontro frontale/laterale SX fra veicoli in marcia;Rettilineo;Una carreggiata a doppio senso;Asciutto;Asfaltata;Orizzontale;Sereno;Intenso;Sufficiente;Sufficiente;0;0;0;4;12.58672;41.86573;-1;2;Autovettura privata;In marcia / fermata / arresto;Conducente;M;Illeso;0;;Non accertato;Inesploso
2199808;8;14/11/2014 14:30;Strada Urbana;VIA TRINITAPOLI;all'intersezione con;VIA MONOPOLI;VIA MONOPOLI;;;Scontro frontale/laterale SX fra veicoli in marcia;Incrocio;Una carreggiata a doppio senso;Asciutto;Asfaltata;Verticale ed orizzontale;Sereno;Normale;Buona;Ore Diurne;1;0;0;1;12.61642;41.88655;-1;1;Autocarro inferiore 35 q.;In marcia / fermata / arresto;Conducente;M;Illeso;0;;Non accertato;Inesploso
2199808;8;14/11/2014 14:30;Strada Urbana;VIA TRINITAPOLI;all'intersezione con;VIA MONOPOLI;VIA MONOPOLI;;;Scontro frontale/laterale SX fra veicoli in marcia;Incrocio;Una carreggiata a doppio senso;Asciutto;Asfaltata;Verticale ed orizzontale;Sereno;Normale;Buona;Ore Diurne;1;0;0;1;12.61642;41.88655;-1;2;Autovettura privata;In marcia / fermata / arresto;Conducente;F;Rifiuta cure immediate;0;NON DECEDUTO;Non accertato;Inesploso
2199812;8;14/11/2014 09:00;Strada Urbana;VIALE GUIDO CARLI;all'intersezione con;VIALE DELL'ARCHIGINNASIO;VIALE DELL'ARCHIGINNASIO;;;Scontro laterale fra veicoli in marcia;Rotatoria;Una carreggiata a senso unico di marcia;Asciutto;Asfaltata;Verticale ed orizzontale;Sereno;Normale;Buona;Ore Diurne;1;0;0;3;12.64713;41.84317;-1;1;Autovettura privata;In marcia / fermata / arresto;Conducente;M;Illeso;0;;Non accertato;Inesploso
2199812;8;14/11/2014 09:00;Strada Urbana;VIALE GUIDO CARLI;all'intersezione con;VIALE DELL'ARCHIGINNASIO;VIALE DELL'ARCHIGINNASIO;;;Scontro laterale fra veicoli in marcia;Rotatoria;Una carreggiata a senso unico di marcia;Asciutto;Asfaltata;Verticale ed orizzontale;Sereno;Normale;Buona;Ore Diurne;1;0;0;3;12.64713;41.84317;-1;1;Autovettura privata;In marcia / fermata / arresto;Passeggero;M;Rimandato;0;NON DECEDUTO;Non accertato;Inesploso
2199812;8;14/11/2014 09:00;Strada Urbana;VIALE GUIDO CARLI;all'intersezione con;VIALE DELL'ARCHIGINNASIO;VIALE DELL'ARCHIGINNASIO;;;Scontro laterale fra veicoli in marcia;Rotatoria;Una carreggiata a senso unico di marcia;Asciutto;Asfaltata;Verticale ed orizzontale;Sereno;Normale;Buona;Ore Diurne;1;0;0;3;12.64713;41.84317;-1;1;Autovettura privata;In marcia / fermata / arresto;Passeggero;F;Illeso;0;;Non accertato;Inesploso
2199812;8;14/11/2014 09:00;Strada Urbana;VIALE GUIDO CARLI;all'intersezione con;VIALE DELL'ARCHIGINNASIO;VIALE DELL'ARCHIGINNASIO;;;Scontro laterale fra veicoli in marcia;Rotatoria;Una carreggiata a senso unico di marcia;Asciutto;Asfaltata;Verticale ed orizzontale;Sereno;Normale;Buona;Ore Diurne;1;0;0;3;12.64713;41.84317;-1;2;Autovettura privata;In marcia / fermata / arresto;Conducente;M;Illeso;0;;Non accertato;Inesploso
2199936;10;15/11/2014 09:15;Strada Urbana;VIA PAOLO ORSI;in prossimità;;del civico n.;12;;Ribaltamento senza urto contro ostacolo fisso;Rettilineo;Una carreggiata a senso unico di marcia;Asciutto;Asfaltata;Assente;Nuvoloso;Scarso;Buona;Ore Diurne;0;0;0;1;12.58634;41.82253;-1;1;Autobus urbano;In marcia / fermata / arresto;Conducente;M;Illeso;0;;Non accertato;Inesistente
2199957;20;14/11/2014 22:10;Comunale extraurbana;VIA DI S. MARIA DI GALERIA;in prossimità;;del civico n.;171;;Veicolo in marcia contro ostacolo fisso;Curva a visuale libera;Una carreggiata a doppio senso;Asciutto;Asfaltata;Verticale ed orizzontale;Nebbia;Scarso;Insufficiente;Inesistente;1;0;1;0;12.30708;41.98201;-1;1;Motociclo con passeggero;In marcia / fermata / arresto;Conducente;M;Ricoverato;0;NON DECEDUTO;;
2199957;20;14/11/2014 22:10;Comunale extraurbana;VIA DI S. MARIA DI GALERIA;in prossimità;;del civico n.;171;;Veicolo in marcia contro ostacolo fisso;Curva a visuale libera;Una carreggiata a doppio senso;Asciutto;Asfaltata;Verticale ed orizzontale;Nebbia;Scarso;Insufficiente;Inesistente;1;0;1;0;12.30708;41.98201;-1;1;Motociclo con passeggero;In marcia / fermata / arresto;Passeggero;M;Prognosi riservata;0;DECEDUTO ENTRO 15 GIORNI;;
2200009;23;15/11/2014 02:40;Strada Urbana;VIA DEI VELIERI;da specificare;;;;altezza palina ATAC n. 77057;Veicolo in marcia contro veicolo arresto;Rettilineo;Due carreggiate;Bagnato (umidità in atto);Asfaltata;Verticale ed orizzontale;Nuvoloso;Scarso;Sufficiente;Sufficiente;0;0;0;3;12.2757;41.73648;-1;1;Autovettura privata;In marcia / fermata / arresto;Conducente;M;Illeso;0;;Utilizzato;Esploso
2200009;23;15/11/2014 02:40;Strada Urbana;VIA DEI VELIERI;da specificare;;;;altezza palina ATAC n. 77057;Veicolo in marcia contro veicolo arresto;Rettilineo;Due carreggiate;Bagnato (umidità in atto);Asfaltata;Verticale ed orizzontale;Nuvoloso;Scarso;Sufficiente;Sufficiente;0;0;0;3;12.2757;41.73648;-1;1;Autovettura privata;In marcia / fermata / arresto;Passeggero;F;Illeso;0;;Utilizzato;Esploso
2200009;23;15/11/2014 02:40;Strada Urbana;VIA DEI VELIERI;da specificare;;;;altezza palina ATAC n. 77057;Veicolo in marcia contro veicolo arresto;Rettilineo;Due carreggiate;Bagnato (umidità in atto);Asfaltata;Verticale ed orizzontale;Nuvoloso;Scarso;Sufficiente;Sufficiente;0;0;0;3;12.2757;41.73648;-1;2;Autovettura privata;In marcia / fermata / arresto;Conducente;F;Illeso;0;;Utilizzato;Inesploso
2200053;3;14/11/2014 18:40;Strada Urbana;VIALE VENTUNO APRILE;in prossimità;;del civico n.;31;;Investimento di pedone;Rettilineo;Una carreggiata a doppio senso;Asciutto;Asfaltata;Verticale ed orizzontale;Sereno;Normale;Sufficiente;Sufficiente;0;1;0;1;12.51986;41.91893;-1;;;;Pedone;M;Prognosi riservata;0;NON DECEDUTO;;
2200053;3;14/11/2014 18:40;Strada Urbana;VIALE VENTUNO APRILE;in prossimità;;del civico n.;31;;Investimento di pedone;Rettilineo;Una carreggiata a doppio senso;Asciutto;Asfaltata;Verticale ed orizzontale;Sereno;Normale;Sufficiente;Sufficiente;0;1;0;1;12.51986;41.91893;-1;1;Motociclo a solo;In marcia / fermata / arresto;Conducente;M;Illeso;0;;Non accertato;
2200058;9;15/11/2014 02:40;Strada Urbana;VIA AMEDEO CRIVELLUCCI;da specificare;;;;prossimità Via PASTOR;Veicolo in marcia contro veicolo in sosta;Rettilineo;Una carreggiata a senso unico di marcia;Asciutto;Asfaltata;Verticale ed orizzontale;Sereno;Scarso;Sufficiente;Sufficiente;0;0;0;2;12.52529;41.86861;-1;1;Autocarro inferiore 35 q.;In marcia / fermata / arresto;Conducente;M;Illeso;0;;Non accertato;Inesploso
2200058;9;15/11/2014 02:40;Strada Urbana;VIA AMEDEO CRIVELLUCCI;da specificare;;;;prossimità Via PASTOR;Veicolo in marcia contro veicolo in sosta;Rettilineo;Una carreggiata a senso unico di marcia;Asciutto;Asfaltata;Verticale ed orizzontale;Sereno;Scarso;Sufficiente;Sufficiente;0;0;0;2;12.52529;41.86861;-1;1;Autocarro inferiore 35 q.;In marcia / fermata / arresto;Passeggero;M;Illeso;0;;Non accertato;Inesploso