Protocollo;Gruppo;DataOraIncidente;Localizzazione1;STRADA1;Localizzazione2;STRADA2;Strada02;Chilometrica;DaSpecificare;NaturaIncidente;particolaritastrade;TipoStrada;FondoStradale;Pavimentazione;Segnaletica;CondizioneAtmosferica;Traffico;Visibilita;Illuminazione;NUM_FERITI;NUM_RISERVATA;NUM_MORTI;NUM_ILLESI;Longitudine;Latitudine;Confermato;Progressivo;TipoVeicolo;StatoVeicolo;TipoPersona;Sesso;Tipolesione;Deceduto;DecedutoDopo;CinturaCascoUtilizzato;Airbag
2201534;4;15/11/2014 17:30;Strada Urbana;PIAZZA CONCA D'ORO;in prossimità;;del civico n.;27;;Veicolo in marcia contro veicoli in sosta;Rettilineo;Più di due carreggiate;Asciutto;Asfaltata;Verticale ed orizzontale;Nuvoloso;Normale;Sufficiente;Sufficiente;0;0;0;1;12.52776;41.93912;-1;1;Autovettura privata;In marcia / fermata / arresto;Conducente;M;Illeso;0;;Non accertato;Inesploso
2201536;10;17/11/2014 08:40;Strada Urbana;VIA VITTORIO RAGUSA;all'intersezione con;VIA FRANCESCO ANTOLISEI;VIA FRANCESCO ANTOLISEI;;;Scontro laterale fra veicoli in marcia;Intersezione stradale segnalata;Una carreggiata a senso unico di marcia;Bagnato (pioggia);Asfaltata;Verticale ed orizzontale;Nuvoloso;Intenso;Buona;Ore Diurne;0;0;0;2;12.60687;41.84897;-1;1;Autovettura privata;In marcia / fermata / arresto;Conducente;M;Illeso;0;;Non accertato;Inesploso
2201536;10;17/11/2014 08:40;Strada Urbana;VIA VITTORIO RAGUSA;all'intersezione con;VIA FRANCESCO ANTOLISEI;VIA FRANCESCO ANTOLISEI;;;Scontro laterale fra veicoli in marcia;Intersezione stradale segnalata;Una carreggiata a senso unico di marcia;Bagnato (pioggia);Asfaltata;Verticale ed orizzontale;Nuvoloso;Intenso;Buona;Ore Diurne;0;0;0;2;12.60687;41.84897;-1;2;Autovettura privata;In marcia / fermata / arresto;Conducente;M;Illeso;0;;Non accertato;Inesploso
2201545;3;16/11/2014 04:00;Strada Urbana;VIALE DELLO SCALO S. LORENZO;in prossimità;;del civico n.;77/B;;Veicolo in marcia contro veicoli in sosta;Rettilineo;Più di due carreggiate;Asciutto;Asfaltata;Verticale ed orizzontale;Sereno;Normale;Sufficiente;Sufficiente;0;0;0;1;12.51902;41.89692;-1;3;Autovettura privata;In marcia / fermata / arresto;Conducente;F;Illeso;0;;Non accertato;Inesploso
2201549;19;17/11/2014 06:00;Provinciale entro l'abitato;VIA BRACCIANENSE;in prossimità;;della chilometrica;0.4;;Scontro laterale fra veicoli in marcia;Rettilineo;Una carreggiata a doppio senso;Bagnato (umidità in atto);Asfaltata;Verticale ed orizzontale;Nuvoloso;Scarso;Sufficiente;Sufficiente;1;0;0;3;12.3446;42.02338;-1;1;Autovettura privata;In marcia / fermata / arresto;Conducente;F;Rifiuta cure immediate;0;NON DECEDUTO;Non accertato;Inesploso
2201549;19;17/11/2014 06:00;Provinciale entro l'abitato;VIA BRACCIANENSE;in prossimità;;della chilometrica;0.4;;Scontro laterale fra veicoli in marcia;Rettilineo;Una carreggiata a doppio senso;Bagnato (umidità in atto);Asfaltata;Verticale ed orizzontale;Nuvoloso;Scarso;Sufficiente;Sufficiente;1;0;0;3;12.3446;42.02338;-1;1;Autovettura privata;In marcia / fermata / arresto;Passeggero;M;Illeso;0;;Non accertato;Inesploso
2201549;19;17/11/2014 06:00;Provinciale entro l'abitato;VIA BRACCIANENSE;in prossimità;;della chilometrica;0.4;;Scontro laterale fra veicoli in marcia;Rettilineo;Una carreggiata a doppio senso;Bagnato (umidità in atto);Asfaltata;Verticale ed orizzontale;Nuvoloso;Scarso;Sufficiente;Sufficiente;1;0;0;3;12.3446;42.02338;-1;1;Autovettura privata;In marcia / fermata / arresto;Passeggero;M;Illeso;0;;Non accertato;Inesploso
2201549;19;17/11/2014 06:00;Provinciale entro l'abitato;VIA BRACCIANENSE;in prossimità;;della chilometrica;0.4;;Scontro laterale fra veicoli in marcia;Rettilineo;Una carreggiata a doppio senso;Bagnato (umidità in atto);Asfaltata;Verticale ed orizzontale;Nuvoloso;Scarso;Sufficiente;Sufficiente;1;0;0;3;12.3446;42.02338;-1;2;Autocarro inferiore 35 q.;In marcia / fermata / arresto;Conducente;M;Illeso;0;;Non accertato;Inesploso
2201558;12;16/11/2014 07:00;Provinciale entro l'abitato;VIA OSTIENSE;in prossimità;;del civico n.;791;;Veicolo in marcia contro ostacolo fisso;Rettilineo;Una carreggiata a doppio senso;Bagnato (pioggia);Asfaltata;Verticale ed orizzontale;Nuvoloso;Scarso;Buona;Ore Diurne;0;0;0;1;12.46957;41.84452;-1;1;Autovettura privata;In marcia / fermata / arresto;Conducente;M;Illeso;0;;Non accertato;Inesistente
2201571;6;15/11/2014 09:00;Strada Urbana;VIALE DELLA VENEZIA GIULIA;all'intersezione con;VIA ROVIGNO D'ISTRIA;VIA ROVIGNO D'ISTRIA;;;Investimento di pedone;Incrocio;Una carreggiata a doppio senso;Asciutto;Asfaltata;Verticale ed orizzontale;Sereno;Normale;Buona;Ore Diurne;1;0;0;1;12.55625;41.89643;-1;;;;Pedone;F;Ricoverato;0;NON DECEDUTO;;
2201571;6;15/11/2014 09:00;Strada Urbana;VIALE DELLA VENEZIA GIULIA;all'intersezione con;VIA ROVIGNO D'ISTRIA;VIA ROVIGNO D'ISTRIA;;;Investimento di pedone;Incrocio;Una carreggiata a doppio senso;Asciutto;Asfaltata;Verticale ed orizzontale;Sereno;Normale;Buona;Ore Diurne;1;0;0;1;12.55625;41.89643;-1;1;Autovettura privata;In marcia / fermata / arresto;Conducente;M;Illeso;0;;Non accertato;Inesploso
2201575;4;15/11/2014 12:00;Strada Urbana;VIALE JONIO;all'intersezione con;VIA MONTE ROCCHETTA;VIA MONTE ROCCHETTA;;;Scontro frontale/laterale DX fra veicoli in marcia;Incrocio;Due carreggiate;Asciutto;Asfaltata;Verticale ed orizzontale;Nuvoloso;Normale;Buona;Ore Diurne;1;0;0;1;12.53666;41.94396;-1;1;Autovettura privata;In marcia / fermata / arresto;Conducente;M;Illeso;0;;Non accertato;Inesploso
2201575;4;15/11/2014 12:00;Strada Urbana;VIALE JONIO;all'intersezione con;VIA MONTE ROCCHETTA;VIA MONTE ROCCHETTA;;;Scontro frontale/laterale DX fra veicoli in marcia;Incrocio;Due carreggiate;Asciutto;Asfaltata;Verticale ed orizzontale;Nuvoloso;Normale;Buona;Ore Diurne;1;0;0;1;12.53666;41.94396;-1;2;Velocipede;In marcia / fermata / arresto;Conducente;M;Rimandato;0;NON DECEDUTO;Esente;
2201583;12;14/11/2014 17:10;Strada Urbana;VIA DI CASTEL DI LEVA;in prossimità;;del civico n.;253;;Veicolo in marcia contro ostacolo fisso;Rettilineo;Una carreggiata a doppio senso;Asciutto;Asfaltata;Verticale ed orizzontale;Sereno;Intenso;Buona;Ore Diurne;1;1;0;3;12.51687;41.78801;-1;;;;Pedone;M;Rimandato;0;NON DECEDUTO;;
2201583;12;14/11/2014 17:10;Strada Urbana;VIA DI CASTEL DI LEVA;in prossimità;;del civico n.;253;;Veicolo in marcia contro ostacolo fisso;Rettilineo;Una carreggiata a doppio senso;Asciutto;Asfaltata;Verticale ed orizzontale;Sereno;Intenso;Buona;Ore Diurne;1;1;0;3;12.51687;41.78801;-1;1;Motociclo a solo;In marcia / fermata / arresto;Conducente;M;Prognosi riservata;0;NON DECEDUTO;Utilizzato;
2201583;12;14/11/2014 17:10;Strada Urbana;VIA DI CASTEL DI LEVA;in prossimità;;del civico n.;253;;Veicolo in marcia contro ostacolo fisso;Rettilineo;Una carreggiata a doppio senso;Asciutto;Asfaltata;Verticale ed orizzontale;Sereno;Intenso;Buona;Ore Diurne;1;1;0;3;12.51687;41.78801;-1;2;Autovettura privata;In marcia / fermata / arresto;Conducente;F;Illeso;0;;Non accertato;Inesploso
2201583;12;14/11/2014 17:10;Strada Urbana;VIA DI CASTEL DI LEVA;in prossimità;;del civico n.;253;;Veicolo in marcia contro ostacolo fisso;Rettilineo;Una carreggiata a doppio senso;Asciutto;Asfaltata;Verticale ed orizzontale;Sereno;Intenso;Buona;Ore Diurne;1;1;0;3;12.51687;41.78801;-1;2;Autovettura privata;In marcia / fermata / arresto;Passeggero;F;Illeso;0;;Utilizzato;Inesploso
2201583;12;14/11/2014 17:10;Strada Urbana;VIA DI CASTEL DI LEVA;in prossimità;;del civico n.;253;;Veicolo in marcia contro ostacolo fisso;Rettilineo;Una carreggiata a doppio senso;Asciutto;Asfaltata;Verticale ed orizzontale;Sereno;Intenso;Buona;Ore Diurne;1;1;0;3;12.51687;41.78801;-1;2;Autovettura privata;In marcia / fermata / arresto;Passeggero;M;Illeso;0;;Utilizzato;Inesploso
2201598;6;16/11/2014 00:10;Strada Urbana;VIA DELLA MARRANELLA;all'intersezione con;VIA VISCONTE MAGGIOLO;VIA VISCONTE MAGGIOLO;;;Scontro frontale/laterale DX fra veicoli in marcia;Incrocio;Una carreggiata a senso unico di marcia;Bagnato (pioggia);Asfaltata;Verticale ed orizzontale;Nuvoloso;Scarso;Sufficiente;Sufficiente;2;0;0;0;12.54226;41.8833;-1;1;Autovettura privata;In marcia / fermata / arresto;Conducente;F;Rifiuta cure immediate;0;NON DECEDUTO;Non accertato;Esploso
2201598;6;16/11/2014 00:10;Strada Urbana;VIA DELLA MARRANELLA;all'intersezione con;VIA VISCONTE MAGGIOLO;VIA VISCONTE MAGGIOLO;;;Scontro frontale/laterale DX fra veicoli in marcia;Incrocio;Una carreggiata a senso unico di marcia;Bagnato (pioggia);Asfaltata;Verticale ed orizzontale;Nuvoloso;Scarso;Sufficiente;Sufficiente;2;0;0;0;12.54226;41.8833;-1;2;Autovettura privata;In marcia / fermata / arresto;Conducente;F;Rifiuta cure immediate;0;NON DECEDUTO;Non accertato;Inesploso
2201603;4;15/11/2014 09:55;Strada Urbana;VIA VAL SASSINA;da specificare;;;;tra il civico n. 28 e il civico n. 30;Veicolo in marcia contro veicolo in sosta;Rettilineo;Una carreggiata a senso unico di marcia;Asciutto;Asfaltata;Assente;Sereno;Normale;Buona;Ore Diurne;0;0;0;1;12.52826;41.93568;-1;1;Autovettura privata;In marcia / fermata / arresto;Conducente;M;Illeso;0;;Non accertato;Inesploso
2201604;1;13/11/2014 09:35;Strada Urbana;VIA GIOVANNI GIOLITTI;in prossimità;;del civico n.;303;;Scontro laterale fra veicoli in marcia;Rettilineo;Una carreggiata a senso unico di marcia;Asciutto;Asfaltata;Verticale ed orizzontale;Nuvoloso;Normale;Buona;Ore Diurne;0;0;0;2;12.50888;41.89534;-1;1;Autovettura privata;In marcia / fermata / arresto;Conducente;F;Illeso;0;;Non accertato;Inesploso
2201604;1;13/11/2014 09:35;Strada Urbana;VIA GIOVANNI GIOLITTI;in prossimità;;del civico n.;303;;Scontro laterale fra veicoli in marcia;Rettilineo;Una carreggiata a senso unico di marcia;Asciutto;Asfaltata;Verticale ed orizzontale;Nuvoloso;Normale;Buona;Ore Diurne;0;0;0;2;12.50888;41.89534;-1;2;Autovettura privata;In marcia / fermata / arresto;Conducente;M;Illeso;0;;Non accertato;
2201605;18;14/11/2014 19:00;Statale;VIA AURELIA;in prossimità;;della chilometrica;13;;Veicolo in marcia contro ostacolo fisso;Rettilineo;Più di due carreggiate;Asciutto;Asfaltata;Verticale ed orizzontale;Sereno;Normale;Insufficiente;Inesistente;2;0;0;0;12.35867;41.88308;-1;1;Autovettura privata;In marcia / fermata / arresto;Conducente;F;Rifiuta cure immediate;0;NON DECEDUTO;Non accertato;Inesploso
2201605;18;14/11/2014 19:00;Statale;VIA AURELIA;in prossimità;;della chilometrica;13;;Veicolo in marcia contro ostacolo fisso;Rettilineo;Più di due carreggiate;Asciutto;Asfaltata;Verticale ed orizzontale;Sereno;Normale;Insufficiente;Inesistente;2;0;0;0;12.35867;41.88308;-1;1;Autovettura privata;In marcia / fermata / arresto;Passeggero;M;Rimandato;0;NON DECEDUTO;Non accertato;Inesploso
2201608;12;16/11/2014 01:15;Strada Urbana;VIADOTTO DELLA MAGLIANA;da specificare;;;;direzione Fiumicino ;Veicolo in marcia contro ostacolo fisso;Rettilineo;Una carreggiata a doppio senso;Bagnato (pioggia);Asfaltata;Verticale ed orizzontale;Nuvoloso;Normale;Buona;Sufficiente;1;0;0;2;12.46221;41.84062;-1;1;Autovettura privata;In marcia / fermata / arresto;Conducente;M;Rimandato;0;NON DECEDUTO;Utilizzato;Inesploso
2201608;12;16/11/2014 01:15;Strada Urbana;VIADOTTO DELLA MAGLIANA;da specificare;;;;direzione Fiumicino ;Veicolo in marcia contro ostacolo fisso;Rettilineo;Una carreggiata a doppio senso;Bagnato (pioggia);Asfaltata;Verticale ed orizzontale;Nuvoloso;Normale;Buona;Sufficiente;1;0;0;2;12.46221;41.84062;-1;1;Autovettura privata;In marcia / fermata / arresto;Passeggero;M;Illeso;0;;Utilizzato;Inesploso
2201609;13;16/11/2014 14:00;Strada Urbana;VIA DEL MARE;all'intersezione con;VIA DELLE AZZORRE;VIA DELLE AZZORRE;;;Scontro frontale/laterale SX fra veicoli in marcia;Incrocio;Una carreggiata a doppio senso;Asciutto;Asfaltata;Verticale ed orizzontale;Nuvoloso;Normale;Buona;Ore Diurne;0;0;0;2;12.28419;41.74049;-1;1;Autovettura privata;In marcia / fermata / arresto;Conducente;M;Illeso;0;;Non accertato;Inesploso
2201609;13;16/11/2014 14:00;Strada Urbana;VIA DEL MARE;all'intersezione con;VIA DELLE AZZORRE;VIA DELLE AZZORRE;;;Scontro frontale/laterale SX fra veicoli in marcia;Incrocio;Una carreggiata a doppio senso;Asciutto;Asfaltata;Verticale ed orizzontale;Nuvoloso;Normale;Buona;Ore Diurne;0;0;0;2;12.28419;41.74049;-1;2;Autocarro inferiore 35 q.;In marcia / fermata / arresto;Conducente;M;Illeso;0;;Non accertato;Inesploso
2201614;1;15/11/2014 19:30;Strada Urbana;VIA VITTORIO VENETO;in prossimità;;del civico n.;125;;Veicolo in marcia contro veicolo arresto;Rettilineo;Una carreggiata a doppio senso;Bagnato (pioggia);Asfaltata;Verticale ed orizzontale;Pioggia in atto;Normale;Sufficiente;Sufficiente;1;0;0;2;12.48974;41.90754;-1;1;Autovettura privata;In marcia / fermata / arresto;Conducente;F;Illeso;0;;;
2201614;1;15/11/2014 19:30;Strada Urbana;VIA VITTORIO VENETO;in prossimità;;del civico n.;125;;Veicolo in marcia contro veicolo arresto;Rettilineo;Una carreggiata a doppio senso;Bagnato (pioggia);Asfaltata;Verticale ed orizzontale;Pioggia in atto;Normale;Sufficiente;Sufficiente;1;0;0;2;12.48974;41.90754;-1;1;Autovettura privata;In marcia / fermata / arresto;Passeggero;M;Illeso;0;;;
2201614;1;15/11/2014 19:30;Strada Urbana;VIA VITTORIO VENETO;in prossimità;;del civico n.;125;;Veicolo in marcia contro veicolo arresto;Rettilineo;Una carreggiata a doppio senso;Bagnato (pioggia);Asfaltata;Verticale ed orizzontale;Pioggia in atto;Normale;Sufficiente;Sufficiente;1;0;0;2;12.48974;41.90754;-1;2;Motociclo a solo;In marcia / fermata / arresto;Conducente;M;Rifiuta cure immediate;0;NON DECEDUTO;;
2201616;6;17/11/2014 10:10;Strada Urbana;VIA TOR DE' SCHIAVI;all'intersezione semaforizzata con;VIA PRENESTINA;VIA PRENESTINA;;;Scontro laterale fra veicoli in marcia;Incrocio;Più di due carreggiate;Bagnato (umidità in atto);Asfaltata;Orizzontale;Nuvoloso;Normale;Buona;Ore Diurne;0;0;0;4;12.56238;41.88873;-1;1;Autovettura privata;In marcia / fermata / arresto;Conducente;M;Illeso;0;;Non accertato;Inesploso
2201616;6;17/11/2014 10:10;Strada Urbana;VIA TOR DE' SCHIAVI;all'intersezione semaforizzata con;VIA PRENESTINA;VIA PRENESTINA;;;Scontro laterale fra veicoli in marcia;Incrocio;Più di due carreggiate;Bagnato (umidità in atto);Asfaltata;Orizzontale;Nuvoloso;Normale;Buona;Ore Diurne;0;0;0;4;12.56238;41.88873;-1;1;Autovettura privata;In marcia / fermata / arresto;Passeggero;F;Illeso;0;;Non accertato;Inesploso
2201616;6;17/11/2014 10:10;Strada Urbana;VIA TOR DE' SCHIAVI;all'intersezione semaforizzata con;VIA PRENESTINA;VIA PRENESTINA;;;Scontro laterale fra veicoli in marcia;Incrocio;Più di due carreggiate;Bagnato (umidità in atto);Asfaltata;Orizzontale;Nuvoloso;Normale;Buona;Ore Diurne;0;0;0;4;12.56238;41.88873;-1;1;Autovettura privata;In marcia / fermata / arresto;Passeggero;F;Illeso;0;;Non accertato;Inesploso
2201616;6;17/11/2014 10:10;Strada Urbana;VIA TOR DE' SCHIAVI;all'intersezione semaforizzata con;VIA PRENESTINA;VIA PRENESTINA;;;Scontro laterale fra veicoli in marcia;Incrocio;Più di due carreggiate;Bagnato (umidità in atto);Asfaltata;Orizzontale;Nuvoloso;Normale;Buona;Ore Diurne;0;0;0;4;12.56238;41.88873;-1;2;Autovettura privata;In marcia / fermata / arresto;Conducente;M;Illeso;0;;Non accertato;Inesploso
2201618;3;17/11/2014 09:30;Strada Urbana;PIAZZA DEI CAMPANI;all'intersezione con;VIA DEI MARSI;VIA DEI MARSI;;;Scontro frontale/laterale SX fra veicoli in marcia;Intersezione stradale segnalata;Una carreggiata a senso unico di marcia;Bagnato (pioggia);In cubetti di porfido;Verticale ed orizzontale;Nuvoloso;Normale;Buona;Ore Diurne;0;0;0;3;12.51398;41.89542;-1;1;Autocarro inferiore 35 q.;In marcia / fermata / arresto;Passeggero;M;Illeso;0;;Non accertato;Inesploso
2201618;3;17/11/2014 09:30;Strada Urbana;PIAZZA DEI CAMPANI;all'intersezione con;VIA DEI MARSI;VIA DEI MARSI;;;Scontro frontale/laterale SX fra veicoli in marcia;Intersezione stradale segnalata;Una carreggiata a senso unico di marcia;Bagnato (pioggia);In cubetti di porfido;Verticale ed orizzontale;Nuvoloso;Normale;Buona;Ore Diurne;0;0;0;3;12.51398;41.89542;-1;1;Autocarro inferiore 35 q.;In marcia / fermata / arresto;Conducente;M;Illeso;0;;Non accertato;Inesistente
2201618;3;17/11/2014 09:30;Strada Urbana;PIAZZA DEI CAMPANI;all'intersezione con;VIA DEI MARSI;VIA DEI MARSI;;;Scontro frontale/laterale SX fra veicoli in marcia;Intersezione stradale segnalata;Una carreggiata a senso unico di marcia;Bagnato (pioggia);In cubetti di porfido;Verticale ed orizzontale;Nuvoloso;Normale;Buona;Ore Diurne;0;0;0;3;12.51398;41.89542;-1;2;Autovettura privata;In marcia / fermata / arresto;Conducente;M;Illeso;0;;Non accertato;Inesploso
2201620;4;15/11/2014 17:40;Strada Urbana;PIAZZA MONTE GENNARO;all'intersezione con;VIA MONTEFELTRO;VIA MONTEFELTRO;;;Scontro laterale fra veicoli in marcia;Incrocio;Una carreggiata a doppio senso;Asciutto;Asfaltata;Verticale ed orizzontale;Sereno;Normale;Sufficiente;Ore Diurne;1;0;0;2;12.53786;41.94437;-1;1;Autovettura privata;In marcia / fermata / arresto;Conducente;F;Illeso;0;;Non accertato;Inesploso
2201620;4;15/11/2014 17:40;Strada Urbana;PIAZZA MONTE GENNARO;all'intersezione con;VIA MONTEFELTRO;VIA MONTEFELTRO;;;Scontro laterale fra veicoli in marcia;Incrocio;Una carreggiata a doppio senso;Asciutto;Asfaltata;Verticale ed orizzontale;Sereno;Normale;Sufficiente;Ore Diurne;1;0;0;2;12.53786;41.94437;-1;1;Autovettura privata;In marcia / fermata / arresto;Passeggero;F;Illeso;0;;Non accertato;
2201620;4;15/11/2014 17:40;Strada Urbana;PIAZZA MONTE GENNARO;all'intersezione con;VIA MONTEFELTRO;VIA MONTEFELTRO;;;Scontro laterale fra veicoli in marcia;Incrocio;Una carreggiata a doppio senso;Asciutto;Asfaltata;Verticale ed orizzontale;Sereno;Normale;Sufficiente;Ore Diurne;1;0;0;2;12.53786;41.94437;-1;2;Motociclo a solo;In marcia / fermata / arresto;Conducente;M;Rimandato;0;NON DECEDUTO;Non accertato;
2201621;18;17/11/2014 10:30;Strada Urbana;VIA DI TORREVECCHIA;da specificare;;;;in prossimità di Via Villanova;Ribaltamento senza urto contro ostacolo fisso;Rettilineo;Una carreggiata a doppio senso;Bagnato (pioggia);Asfaltata;Verticale ed orizzontale;Nuvoloso;Normale;Buona;Ore Diurne;1;0;0;0;12.40406;41.91279;-1;1;Motociclo a solo;In marcia / fermata / arresto;Conducente;M;Rimandato;0;NON DECEDUTO;Non accertato;
2201622;17;15/11/2014 16:40;Strada Urbana;VIA BARLETTA;all'intersezione con;VIALE DELLE MILIZIE;VIALE DELLE MILIZIE;;;Veicolo in marcia contro veicolo in sosta;Incrocio;Più di due carreggiate;Bagnato (pioggia);Asfaltata;Verticale ed orizzontale;Pioggia in atto;Scarso;Sufficiente;Ore Diurne;0;0;0;2;12.45812;41.91114;-1;1;Autovettura privata;In marcia / fermata / arresto;Conducente;M;Illeso;0;;Non accertato;Inesploso
2201622;17;15/11/2014 16:40;Strada Urbana;VIA BARLETTA;all'intersezione con;VIALE DELLE MILIZIE;VIALE DELLE MILIZIE;;;Veicolo in marcia contro veicolo in sosta;Incrocio;Più di due carreggiate;Bagnato (pioggia);Asfaltata;Verticale ed orizzontale;Pioggia in atto;Scarso;Sufficiente;Ore Diurne;0;0;0;2;12.45812;41.91114;-1;1;Autovettura privata;In marcia / fermata / arresto;Passeggero;M;Illeso;0;;Non accertato;Inesploso
2201623;17;15/11/2014 19:00;Strada Urbana;VIALE VATICANO;in prossimità;;del civico n.;100;;Investimento di pedone;Pendenza;Una carreggiata a doppio senso;Bagnato (pioggia);Asfaltata;Verticale ed orizzontale;Sereno;Normale;Buona;Sufficiente;1;0;0;1;12.45333;41.90706;-1;;;;Pedone;F;Rimandato;0;NON DECEDUTO;;
2201623;17;15/11/2014 19:00;Strada Urbana;VIALE VATICANO;in prossimità;;del civico n.;100;;Investimento di pedone;Pendenza;Una carreggiata a doppio senso;Bagnato (pioggia);Asfaltata;Verticale ed orizzontale;Sereno;Normale;Buona;Sufficiente;1;0;0;1;12.45333;41.90706;-1;1;Autovettura privata;In marcia / fermata / arresto;Conducente;M;Illeso;0;;;
2201627;20;17/11/2014 08:00;Statale entro l'abitato;VIA CASSIA;all'intersezione semaforizzata con;VIA CARLO GHERARDINI;VIA CARLO GHERARDINI;;;Scontro frontale/laterale DX fra veicoli in marcia;Intersezione semaforizzata;Una carreggiata a doppio senso;Bagnato (pioggia);Asfaltata;Verticale ed orizzontale;Nuvoloso;Intenso;Buona;Ore Diurne;1;0;0;8;12.41447;41.9825;-1;1;Autovettura privata;In marcia / fermata / arresto;Conducente;F;Illeso;0;;Non accertato;
2201627;20;17/11/2014 08:00;Statale entro l'abitato;VIA CASSIA;all'intersezione semaforizzata con;VIA CARLO GHERARDINI;VIA CARLO GHERARDINI;;;Scontro frontale/laterale DX fra veicoli in marcia;Intersezione semaforizzata;Una carreggiata a doppio senso;Bagnato (pioggia);Asfaltata;Verticale ed orizzontale;Nuvoloso;Intenso;Buona;Ore Diurne;1;0;0;8;12.41447;41.9825;-1;1;Autovettura privata;In marcia / fermata / arresto;Passeggero;F;Illeso;0;;Non accertato;Inesploso
2201627;20;17/11/2014 08:00;Statale entro l'abitato;VIA CASSIA;all'intersezione semaforizzata con;VIA CARLO GHERARDINI;VIA CARLO GHERARDINI;;;Scontro frontale/laterale DX fra veicoli in marcia;Intersezione semaforizzata;Una carreggiata a doppio senso;Bagnato (pioggia);Asfaltata;Verticale ed orizzontale;Nuvoloso;Intenso;Buona;Ore Diurne;1;0;0;8;12.41447;41.9825;-1;1;Autovettura privata;In marcia / fermata / arresto;Passeggero;F;Illeso;0;;Non accertato;Inesploso
2201627;20;17/11/2014 08:00;Statale entro l'abitato;VIA CASSIA;all'intersezione semaforizzata con;VIA CARLO GHERARDINI;VIA CARLO GHERARDINI;;;Scontro frontale/laterale DX fra veicoli in marcia;Intersezione semaforizzata;Una carreggiata a doppio senso;Bagnato (pioggia);Asfaltata;Verticale ed orizzontale;Nuvoloso;Intenso;Buona;Ore Diurne;1;0;0;8;12.41447;41.9825;-1;1;Autovettura privata;In marcia / fermata / arresto;Passeggero;F;Illeso;0;;Non accertato;Inesploso
2201627;20;17/11/2014 08:00;Statale entro l'abitato;VIA CASSIA;all'intersezione semaforizzata con;VIA CARLO GHERARDINI;VIA CARLO GHERARDINI;;;Scontro frontale/laterale DX fra veicoli in marcia;Intersezione semaforizzata;Una carreggiata a doppio senso;Bagnato (pioggia);Asfaltata;Verticale ed orizzontale;Nuvoloso;Intenso;Buona;Ore Diurne;1;0;0;8;12.41447;41.9825;-1;2;Motociclo a solo;In marcia / fermata / arresto;Conducente;M;Rimandato;0;NON DECEDUTO;Non accertato;
2201627;20;17/11/2014 08:00;Statale entro l'abitato;VIA CASSIA;all'intersezione semaforizzata con;VIA CARLO GHERARDINI;VIA CARLO GHERARDINI;;;Scontro frontale/laterale DX fra veicoli in marcia;Intersezione semaforizzata;Una carreggiata a doppio senso;Bagnato (pioggia);Asfaltata;Verticale ed orizzontale;Nuvoloso;Intenso;Buona;Ore Diurne;1;0;0;8;12.41447;41.9825;-1;2;Motociclo a solo;In marcia / fermata / arresto;Passeggero;F;Illeso;0;;Non accertato;
2201627;20;17/11/2014 08:00;Statale entro l'abitato;VIA CASSIA;all'intersezione semaforizzata con;VIA CARLO GHERARDINI;VIA CARLO GHERARDINI;;;Scontro frontale/laterale DX fra veicoli in marcia;Intersezione semaforizzata;Una carreggiata a doppio senso;Bagnato (pioggia);Asfaltata;Verticale ed orizzontale;Nuvoloso;Intenso;Buona;Ore Diurne;1;0;0;8;12.41447;41.9825;-1;3;Autovettura privata;In marcia / fermata / arresto;Conducente;M;Illeso;0;;Non accertato;Inesploso
2201627;20;17/11/2014 08:00;Statale entro l'abitato;VIA CASSIA;all'intersezione semaforizzata con;VIA CARLO GHERARDINI;VIA CARLO GHERARDINI;;;Scontro frontale/laterale DX fra veicoli in marcia;Intersezione semaforizzata;Una carreggiata a doppio senso;Bagnato (pioggia);Asfaltata;Verticale ed orizzontale;Nuvoloso;Intenso;Buona;Ore Diurne;1;0;0;8;12.41447;41.9825;-1;3;Autovettura privata;In marcia / fermata / arresto;Passeggero;M;Illeso;0;;Non accertato;
2201627;20;17/11/2014 08:00;Statale entro l'abitato;VIA CASSIA;all'intersezione semaforizzata con;VIA CARLO GHERARDINI;VIA CARLO GHERARDINI;;;Scontro frontale/laterale DX fra veicoli in marcia;Intersezione semaforizzata;Una carreggiata a doppio senso;Bagnato (pioggia);Asfaltata;Verticale ed orizzontale;Nuvoloso;Intenso;Buona;Ore Diurne;1;0;0;8;12.41447;41.9825;-1;3;Autovettura privata;In marcia / fermata / arresto;Passeggero;M;Illeso;0;;Non accertato;Inesploso
2201637;18;14/11/2014 15:10;Strada Urbana;VIA LEONE XIII;da specificare;;;;in corrispondenza di Piazza Pio XI;Tamponamento;Rettilineo;Due carreggiate;Asciutto;Asfaltata;Verticale ed orizzontale;Sereno;Intenso;Buona;Ore Diurne;1;0;0;2;12.43741;41.89367;-1;1;Autovettura privata;In marcia / fermata / arresto;Conducente;F;Illeso;0;;Non accertato;Inesploso
2201637;18;14/11/2014 15:10;Strada Urbana;VIA LEONE XIII;da specificare;;;;in corrispondenza di Piazza Pio XI;Tamponamento;Rettilineo;Due carreggiate;Asciutto;Asfaltata;Verticale ed orizzontale;Sereno;Intenso;Buona;Ore Diurne;1;0;0;2;12.43741;41.89367;-1;1;Autovettura privata;In marcia / fermata / arresto;Passeggero;F;Illeso;0;;Non accertato;Inesploso