Protocollo;Gruppo;DataOraIncidente;Localizzazione1;STRADA1;Localizzazione2;STRADA2;Strada02;Chilometrica;DaSpecificare;NaturaIncidente;particolaritastrade;TipoStrada;FondoStradale;Pavimentazione;Segnaletica;CondizioneAtmosferica;Traffico;Visibilita;Illuminazione;NUM_FERITI;NUM_RISERVATA;NUM_MORTI;NUM_ILLESI;Longitudine;Latitudine;Confermato;Progressivo;TipoVeicolo;StatoVeicolo;TipoPersona;Sesso;Tipolesione;Deceduto;DecedutoDopo;CinturaCascoUtilizzato;Airbag
2211005;2;26/11/2014 17:30;Strada Urbana;LUNGOTEVERE DELL'ACQUA ACETOSA;all'intersezione semaforizzata con;VIA VENEZUELA;VIA VENEZUELA;;;Scontro frontale/laterale DX fra veicoli in marcia;Intersezione semaforizzata;Una carreggiata a doppio senso;Bagnato (pioggia);Asfaltata;Verticale ed orizzontale;Nuvoloso;Normale;Buona;Sufficiente;1;0;0;3;12.47801;41.93305;-1;1;Autovettura privata;In marcia / fermata / arresto;Passeggero;M;Illeso;0;;Non accertato;Inesploso
2211005;2;26/11/2014 17:30;Strada Urbana;LUNGOTEVERE DELL'ACQUA ACETOSA;all'intersezione semaforizzata con;VIA VENEZUELA;VIA VENEZUELA;;;Scontro frontale/laterale DX fra veicoli in marcia;Intersezione semaforizzata;Una carreggiata a doppio senso;Bagnato (pioggia);Asfaltata;Verticale ed orizzontale;Nuvoloso;Normale;Buona;Sufficiente;1;0;0;3;12.47801;41.93305;-1;2;Motociclo a solo;In marcia / fermata / arresto;Conducente;M;Ricoverato;0;NON DECEDUTO;Non accertato;
2211122;15;26/11/2014 14:00;Strada Urbana;LUNGOTEVERE DI PIETRA PAPA;in prossimità;;del civico n.;21;;Veicolo in marcia contro veicoli in sosta;Rettilineo;Due carreggiate;Bagnato (pioggia);Asfaltata;Orizzontale;Pioggia in atto;Normale;Sufficiente;Ore Diurne;0;0;0;1;12.47114;41.86152;-1;1;Autovettura privata;In marcia / fermata / arresto;Conducente;M;Illeso;0;;Utilizzato;Inesploso
2211190;13;26/11/2014 13:45;Strada Urbana;VIA ANTIFONTE DI RAMNUNTE;all'intersezione con;LARGO ARISTOTELE;LARGO ARISTOTELE;;;Scontro frontale/laterale DX fra veicoli in marcia;Incrocio;Una carreggiata a doppio senso;Bagnato (pioggia);Asfaltata;Verticale ed orizzontale;Pioggia in atto;Normale;Buona;Ore Diurne;1;0;0;2;12.33365;41.74896;-1;1;Autovettura privata;In marcia / fermata / arresto;Conducente;F;Rimandato;0;NON DECEDUTO;Non accertato;Inesploso
2211190;13;26/11/2014 13:45;Strada Urbana;VIA ANTIFONTE DI RAMNUNTE;all'intersezione con;LARGO ARISTOTELE;LARGO ARISTOTELE;;;Scontro frontale/laterale DX fra veicoli in marcia;Incrocio;Una carreggiata a doppio senso;Bagnato (pioggia);Asfaltata;Verticale ed orizzontale;Pioggia in atto;Normale;Buona;Ore Diurne;1;0;0;2;12.33365;41.74896;-1;1;Autovettura privata;In marcia / fermata / arresto;Passeggero;F;Illeso;0;;Non accertato;Inesploso
2211190;13;26/11/2014 13:45;Strada Urbana;VIA ANTIFONTE DI RAMNUNTE;all'intersezione con;LARGO ARISTOTELE;LARGO ARISTOTELE;;;Scontro frontale/laterale DX fra veicoli in marcia;Incrocio;Una carreggiata a doppio senso;Bagnato (pioggia);Asfaltata;Verticale ed orizzontale;Pioggia in atto;Normale;Buona;Ore Diurne;1;0;0;2;12.33365;41.74896;-1;2;Autocarro inferiore 35 q.;In marcia / fermata / arresto;Conducente;F;Illeso;0;;Non accertato;Inesploso
2211202;13;26/11/2014 18:30;Strada Urbana;VIA MAR ROSSO;all'intersezione con;VIA MAR ARABICO;VIA MAR ARABICO;;;Scontro frontale/laterale DX fra veicoli in marcia;Incrocio;Una carreggiata a doppio senso;Bagnato (pioggia);Asfaltata;Verticale ed orizzontale;Nebbia;Normale;Buona;Sufficiente;0;0;0;3;12.29886;41.73356;-1;1;Autovettura privata;In marcia / fermata / arresto;Conducente;F;Illeso;0;;Non accertato;Inesploso
2211202;13;26/11/2014 18:30;Strada Urbana;VIA MAR ROSSO;all'intersezione con;VIA MAR ARABICO;VIA MAR ARABICO;;;Scontro frontale/laterale DX fra veicoli in marcia;Incrocio;Una carreggiata a doppio senso;Bagnato (pioggia);Asfaltata;Verticale ed orizzontale;Nebbia;Normale;Buona;Sufficiente;0;0;0;3;12.29886;41.73356;-1;2;Autovettura privata;In marcia / fermata / arresto;Conducente;M;Illeso;0;;Non accertato;Inesploso
2211202;13;26/11/2014 18:30;Strada Urbana;VIA MAR ROSSO;all'intersezione con;VIA MAR ARABICO;VIA MAR ARABICO;;;Scontro frontale/laterale DX fra veicoli in marcia;Incrocio;Una carreggiata a doppio senso;Bagnato (pioggia);Asfaltata;Verticale ed orizzontale;Nebbia;Normale;Buona;Sufficiente;0;0;0;3;12.29886;41.73356;-1;2;Autovettura privata;In marcia / fermata / arresto;Passeggero;F;Illeso;0;;Non accertato;Inesploso
2211205;8;26/11/2014 08:30;Strada Urbana;VIA DI ROCCA CENCIA;in prossimità;;del civico n.;280;;Scontro frontale/laterale SX fra veicoli in marcia;Rettilineo;Una carreggiata a doppio senso;Asciutto;Asfaltata;Orizzontale;Nuvoloso;Scarso;Buona;Ore Diurne;1;0;0;1;12.69587;41.88543;-1;1;Autovettura privata;In marcia / fermata / arresto;Conducente;M;Illeso;0;;Non accertato;Inesistente
2211205;8;26/11/2014 08:30;Strada Urbana;VIA DI ROCCA CENCIA;in prossimità;;del civico n.;280;;Scontro frontale/laterale SX fra veicoli in marcia;Rettilineo;Una carreggiata a doppio senso;Asciutto;Asfaltata;Orizzontale;Nuvoloso;Scarso;Buona;Ore Diurne;1;0;0;1;12.69587;41.88543;-1;2;Autovettura privata;In marcia / fermata / arresto;Conducente;F;Rifiuta cure immediate;0;NON DECEDUTO;Non accertato;Inesploso
2211208;8;26/11/2014 08:20;Strada Urbana;VIA DI VERMICINO;in prossimità;;del civico n.;136;;Scontro laterale fra veicoli in marcia;Curva a visuale libera;Una carreggiata a doppio senso;Asciutto;Asfaltata;Verticale ed orizzontale;Sereno;Normale;Buona;Ore Diurne;1;0;0;2;12.67581;41.85532;-1;1;Motociclo con passeggero;In marcia / fermata / arresto;Passeggero;F;Ricoverato;0;NON DECEDUTO;Utilizzato;
2211208;8;26/11/2014 08:20;Strada Urbana;VIA DI VERMICINO;in prossimità;;del civico n.;136;;Scontro laterale fra veicoli in marcia;Curva a visuale libera;Una carreggiata a doppio senso;Asciutto;Asfaltata;Verticale ed orizzontale;Sereno;Normale;Buona;Ore Diurne;1;0;0;2;12.67581;41.85532;-1;1;Motociclo con passeggero;In marcia / fermata / arresto;Conducente;M;Illeso;0;;Non accertato;
2211208;8;26/11/2014 08:20;Strada Urbana;VIA DI VERMICINO;in prossimità;;del civico n.;136;;Scontro laterale fra veicoli in marcia;Curva a visuale libera;Una carreggiata a doppio senso;Asciutto;Asfaltata;Verticale ed orizzontale;Sereno;Normale;Buona;Ore Diurne;1;0;0;2;12.67581;41.85532;-1;2;Motociclo a solo;In marcia / fermata / arresto;Conducente;M;Illeso;0;;Non accertato;
2211209;8;26/11/2014 11:35;Strada Urbana;VIA DI PASSOLOMBARDO;in prossimità;;del civico n.;399;;Scontro frontale/laterale DX fra veicoli in marcia;Rettilineo;Una carreggiata a doppio senso;Asciutto;Asfaltata;Verticale ed orizzontale;Nuvoloso;Normale;Buona;Ore Diurne;1;0;0;1;12.62755;41.84941;-1;1;Autovettura privata;In marcia / fermata / arresto;Conducente;M;Rifiuta cure immediate;0;NON DECEDUTO;Non accertato;Inesploso
2211209;8;26/11/2014 11:35;Strada Urbana;VIA DI PASSOLOMBARDO;in prossimità;;del civico n.;399;;Scontro frontale/laterale DX fra veicoli in marcia;Rettilineo;Una carreggiata a doppio senso;Asciutto;Asfaltata;Verticale ed orizzontale;Nuvoloso;Normale;Buona;Ore Diurne;1;0;0;1;12.62755;41.84941;-1;2;Autovettura privata;In marcia / fermata / arresto;Conducente;M;Illeso;0;;Non accertato;Inesploso
2211210;8;26/11/2014 20:05;Strada Urbana;VIA SILICELLA;in prossimità;;del civico n.;55;;Veicolo in marcia contro ostacolo accidentale;Rettilineo;Una carreggiata a doppio senso;Bagnato (pioggia);Con buche;Verticale;Pioggia in atto;Normale;Sufficiente;Sufficiente;0;0;0;2;12.59892;41.86179;-1;1;Autovettura privata;In marcia / fermata / arresto;Conducente;M;Illeso;0;;Non accertato;Inesploso
2211210;8;26/11/2014 20:05;Strada Urbana;VIA SILICELLA;in prossimità;;del civico n.;55;;Veicolo in marcia contro ostacolo accidentale;Rettilineo;Una carreggiata a doppio senso;Bagnato (pioggia);Con buche;Verticale;Pioggia in atto;Normale;Sufficiente;Sufficiente;0;0;0;2;12.59892;41.86179;-1;1;Autovettura privata;In marcia / fermata / arresto;Passeggero;F;Illeso;0;;Non accertato;Inesploso
2211211;5;26/11/2014 09:45;Strada Urbana;VIA TIBURTINA;da specificare;;;;civico 1051;Scontro laterale fra veicoli in marcia;Rettilineo;Una carreggiata a senso unico alternato;Bagnato (umidità in atto);Asfaltata;Verticale ed orizzontale;Nuvoloso;Normale;Buona;Ore Diurne;0;0;0;3;12.57376;41.92564;-1;1;Autoarticolato;In marcia / fermata / arresto;Conducente;M;Illeso;0;;Non accertato;
2211211;5;26/11/2014 09:45;Strada Urbana;VIA TIBURTINA;da specificare;;;;civico 1051;Scontro laterale fra veicoli in marcia;Rettilineo;Una carreggiata a senso unico alternato;Bagnato (umidità in atto);Asfaltata;Verticale ed orizzontale;Nuvoloso;Normale;Buona;Ore Diurne;0;0;0;3;12.57376;41.92564;-1;2;Autovettura privata;In marcia / fermata / arresto;Conducente;F;Illeso;0;;Non accertato;
2211211;5;26/11/2014 09:45;Strada Urbana;VIA TIBURTINA;da specificare;;;;civico 1051;Scontro laterale fra veicoli in marcia;Rettilineo;Una carreggiata a senso unico alternato;Bagnato (umidità in atto);Asfaltata;Verticale ed orizzontale;Nuvoloso;Normale;Buona;Ore Diurne;0;0;0;3;12.57376;41.92564;-1;2;Autovettura privata;In marcia / fermata / arresto;Passeggero;M;Illeso;0;;;
2211212;8;26/11/2014 17:00;Strada Urbana;VIA TORREGROTTA;in prossimità;;del palo luce n.;87;;Investimento di pedone;Rettilineo;Una carreggiata a senso unico di marcia;Bagnato (pioggia);Asfaltata;Verticale ed orizzontale;Pioggia in atto;Intenso;Sufficiente;Sufficiente;1;0;0;1;12.67471;41.86429;-1;;;;Pedone;F;Rimandato;0;NON DECEDUTO;;
2211212;8;26/11/2014 17:00;Strada Urbana;VIA TORREGROTTA;in prossimità;;del palo luce n.;87;;Investimento di pedone;Rettilineo;Una carreggiata a senso unico di marcia;Bagnato (pioggia);Asfaltata;Verticale ed orizzontale;Pioggia in atto;Intenso;Sufficiente;Sufficiente;1;0;0;1;12.67471;41.86429;-1;1;Autocarro inferiore 35 q.;In marcia / fermata / arresto;Conducente;M;Illeso;0;;Non accertato;Inesploso
2211218;5;26/11/2014 13:30;Strada Urbana;VIA VACUNA;da specificare;;;;prossimità civico 23;Veicolo in marcia contro ostacolo fisso;Rettilineo;Una carreggiata a senso unico di marcia;Asciutto;Asfaltata;Orizzontale;Nuvoloso;Normale;Buona;Ore Diurne;0;0;0;1;12.53559;41.91013;-1;1;Autovettura privata;In marcia / fermata / arresto;Conducente;M;Illeso;0;;Non accertato;Inesistente
2211221;8;26/11/2014 12:00;Strada Urbana;VIALE DUILIO CAMBELLOTTI;da specificare;;;;alt. inv. di marcia Via Tor Bella Monaca;Scontro laterale fra veicoli in marcia;Rettilineo;Due carreggiate;Asciutto;Asfaltata;Verticale ed orizzontale;Nuvoloso;Normale;Buona;Ore Diurne;0;0;0;2;12.62961;41.86737;-1;1;Autovettura privata;In marcia / fermata / arresto;Conducente;M;Illeso;0;;Non accertato;Inesploso
2211221;8;26/11/2014 12:00;Strada Urbana;VIALE DUILIO CAMBELLOTTI;da specificare;;;;alt. inv. di marcia Via Tor Bella Monaca;Scontro laterale fra veicoli in marcia;Rettilineo;Due carreggiate;Asciutto;Asfaltata;Verticale ed orizzontale;Nuvoloso;Normale;Buona;Ore Diurne;0;0;0;2;12.62961;41.86737;-1;2;Motociclo a solo;In marcia / fermata / arresto;Conducente;F;Illeso;0;;Non accertato;
2211224;5;26/11/2014 15:15;Strada Urbana;VIA GIUSEPPE ANTONIO ANDRIULLI;da specificare;;;;altezza VIA ALBERTO BERGAMINI;Tamponamento Multiplo;Rettilineo;Due carreggiate;Bagnato (pioggia);Asfaltata;Orizzontale;Nuvoloso;Normale;Buona;Ore Diurne;0;0;0;4;12.55678;41.90568;-1;1;Autovettura privata;In marcia / fermata / arresto;Conducente;F;Illeso;0;;Non accertato;Esploso
2211224;5;26/11/2014 15:15;Strada Urbana;VIA GIUSEPPE ANTONIO ANDRIULLI;da specificare;;;;altezza VIA ALBERTO BERGAMINI;Tamponamento Multiplo;Rettilineo;Due carreggiate;Bagnato (pioggia);Asfaltata;Orizzontale;Nuvoloso;Normale;Buona;Ore Diurne;0;0;0;4;12.55678;41.90568;-1;2;Autovettura privata;In marcia / fermata / arresto;Conducente;M;Illeso;0;;Non accertato;Inesploso
2211224;5;26/11/2014 15:15;Strada Urbana;VIA GIUSEPPE ANTONIO ANDRIULLI;da specificare;;;;altezza VIA ALBERTO BERGAMINI;Tamponamento Multiplo;Rettilineo;Due carreggiate;Bagnato (pioggia);Asfaltata;Orizzontale;Nuvoloso;Normale;Buona;Ore Diurne;0;0;0;4;12.55678;41.90568;-1;2;Autovettura privata;In marcia / fermata / arresto;Passeggero;M;Illeso;0;;Non accertato;Inesploso
2211224;5;26/11/2014 15:15;Strada Urbana;VIA GIUSEPPE ANTONIO ANDRIULLI;da specificare;;;;altezza VIA ALBERTO BERGAMINI;Tamponamento Multiplo;Rettilineo;Due carreggiate;Bagnato (pioggia);Asfaltata;Orizzontale;Nuvoloso;Normale;Buona;Ore Diurne;0;0;0;4;12.55678;41.90568;-1;3;Autovettura privata;In marcia / fermata / arresto;Conducente;F;Illeso;0;;Non accertato;Inesploso
2211226;8;26/11/2014 15:25;Strada Urbana;VIA DI TOR BELLA MONACA;da specificare;;;;alt. svincolo V. Torrenova dir GRA;Tamponamento;Rettilineo;Due carreggiate;Bagnato (umidità in atto);Asfaltata;Verticale ed orizzontale;Nuvoloso;Normale;Buona;Ore Diurne;2;0;0;3;12.62813;41.87636;-1;1;Autovettura privata;In marcia / fermata / arresto;Conducente;F;Ricoverato;0;NON DECEDUTO;Non accertato;Inesploso
2211226;8;26/11/2014 15:25;Strada Urbana;VIA DI TOR BELLA MONACA;da specificare;;;;alt. svincolo V. Torrenova dir GRA;Tamponamento;Rettilineo;Due carreggiate;Bagnato (umidità in atto);Asfaltata;Verticale ed orizzontale;Nuvoloso;Normale;Buona;Ore Diurne;2;0;0;3;12.62813;41.87636;-1;1;Autovettura privata;In marcia / fermata / arresto;Passeggero;F;Ricoverato;0;NON DECEDUTO;Non accertato;Inesploso
2211226;8;26/11/2014 15:25;Strada Urbana;VIA DI TOR BELLA MONACA;da specificare;;;;alt. svincolo V. Torrenova dir GRA;Tamponamento;Rettilineo;Due carreggiate;Bagnato (umidità in atto);Asfaltata;Verticale ed orizzontale;Nuvoloso;Normale;Buona;Ore Diurne;2;0;0;3;12.62813;41.87636;-1;1;Autovettura privata;In marcia / fermata / arresto;Passeggero;M;Illeso;0;;Non accertato;Inesploso
2211226;8;26/11/2014 15:25;Strada Urbana;VIA DI TOR BELLA MONACA;da specificare;;;;alt. svincolo V. Torrenova dir GRA;Tamponamento;Rettilineo;Due carreggiate;Bagnato (umidità in atto);Asfaltata;Verticale ed orizzontale;Nuvoloso;Normale;Buona;Ore Diurne;2;0;0;3;12.62813;41.87636;-1;2;Autocarro inferiore 35 q.;In marcia / fermata / arresto;Conducente;M;Illeso;0;;Non accertato;Inesploso
2211226;8;26/11/2014 15:25;Strada Urbana;VIA DI TOR BELLA MONACA;da specificare;;;;alt. svincolo V. Torrenova dir GRA;Tamponamento;Rettilineo;Due carreggiate;Bagnato (umidità in atto);Asfaltata;Verticale ed orizzontale;Nuvoloso;Normale;Buona;Ore Diurne;2;0;0;3;12.62813;41.87636;-1;2;Autocarro inferiore 35 q.;In marcia / fermata / arresto;Passeggero;M;Illeso;0;;Non accertato;Inesploso
2211230;10;26/11/2014 19:30;Strada Urbana;VIA DEGLI OPIMIANI;da specificare;;;;fronte civico 29;Investimento di pedone;Rettilineo;Una carreggiata a doppio senso;Bagnato (pioggia);Asfaltata;Verticale ed orizzontale;Pioggia in atto;Scarso;Sufficiente;Sufficiente;2;0;0;1;12.55;41.86142;-1;;;;Pedone;M;Rimandato;0;NON DECEDUTO;;
2211230;10;26/11/2014 19:30;Strada Urbana;VIA DEGLI OPIMIANI;da specificare;;;;fronte civico 29;Investimento di pedone;Rettilineo;Una carreggiata a doppio senso;Bagnato (pioggia);Asfaltata;Verticale ed orizzontale;Pioggia in atto;Scarso;Sufficiente;Sufficiente;2;0;0;1;12.55;41.86142;-1;;;;Pedone;F;Rimandato;0;NON DECEDUTO;;
2211230;10;26/11/2014 19:30;Strada Urbana;VIA DEGLI OPIMIANI;da specificare;;;;fronte civico 29;Investimento di pedone;Rettilineo;Una carreggiata a doppio senso;Bagnato (pioggia);Asfaltata;Verticale ed orizzontale;Pioggia in atto;Scarso;Sufficiente;Sufficiente;2;0;0;1;12.55;41.86142;-1;1;Motociclo a solo;In marcia / fermata / arresto;Conducente;F;Illeso;0;;Non accertato;
2211235;5;26/11/2014 15:30;Strada Urbana;VIA DI MARCO SIMONE;da specificare;;;;civico 80;Scontro frontale/laterale DX fra veicoli in marcia;Rettilineo;Una carreggiata a doppio senso;Bagnato (pioggia);Asfaltata;Assente;Nuvoloso;Normale;Buona;Ore Diurne;0;0;0;2;12.64187;41.95227;-1;1;Autovettura privata;In marcia / fermata / arresto;Conducente;M;Illeso;0;;Non accertato;
2211235;5;26/11/2014 15:30;Strada Urbana;VIA DI MARCO SIMONE;da specificare;;;;civico 80;Scontro frontale/laterale DX fra veicoli in marcia;Rettilineo;Una carreggiata a doppio senso;Bagnato (pioggia);Asfaltata;Assente;Nuvoloso;Normale;Buona;Ore Diurne;0;0;0;2;12.64187;41.95227;-1;2;Autovettura privata;In marcia / fermata / arresto;Conducente;M;Illeso;0;;Non accertato;
2211244;5;26/11/2014 19:05;Strada Urbana;VIALE KANT;da specificare;;;;prossimità Mercato;Veicolo in marcia contro ostacolo fisso;Rettilineo;Due carreggiate;Bagnato (pioggia);Asfaltata;Orizzontale;Pioggia in atto;Normale;Sufficiente;Sufficiente;0;0;0;1;12.55507;41.93347;-1;1;Autovettura privata;In marcia / fermata / arresto;Conducente;M;Illeso;0;;Non accertato;
2211245;10;27/11/2014 00:15;Strada Urbana;VIA BERNARDINO ALIMENA;all'intersezione con;VIA ORAZIO RAIMONDO;VIA ORAZIO RAIMONDO;;;Scontro laterale fra veicoli in marcia;Intersezione stradale segnalata;Una carreggiata a doppio senso;Bagnato (pioggia);Asfaltata;Verticale ed orizzontale;Nuvoloso;Scarso;Sufficiente;Sufficiente;0;0;0;2;12.59767;41.84853;-1;1;Autovettura privata;In marcia / fermata / arresto;Conducente;M;Illeso;0;;Non accertato;Inesploso
2211245;10;27/11/2014 00:15;Strada Urbana;VIA BERNARDINO ALIMENA;all'intersezione con;VIA ORAZIO RAIMONDO;VIA ORAZIO RAIMONDO;;;Scontro laterale fra veicoli in marcia;Intersezione stradale segnalata;Una carreggiata a doppio senso;Bagnato (pioggia);Asfaltata;Verticale ed orizzontale;Nuvoloso;Scarso;Sufficiente;Sufficiente;0;0;0;2;12.59767;41.84853;-1;2;Autovettura privata;In marcia / fermata / arresto;Conducente;M;Illeso;0;;Non accertato;Inesploso
2211247;18;21/11/2014 16:45;Statale entro l'abitato;VIA AURELIA;in prossimità;;della chilometrica;8.3;;Tamponamento Multiplo;Rettilineo;Più di due carreggiate;Asciutto;Asfaltata;Verticale ed orizzontale;Sereno;Intenso;Buona;Ore Diurne;0;0;0;3;12.38347;41.88543;-1;1;Autovettura privata;In marcia / fermata / arresto;Conducente;F;Illeso;0;;Non accertato;Inesploso
2211247;18;21/11/2014 16:45;Statale entro l'abitato;VIA AURELIA;in prossimità;;della chilometrica;8.3;;Tamponamento Multiplo;Rettilineo;Più di due carreggiate;Asciutto;Asfaltata;Verticale ed orizzontale;Sereno;Intenso;Buona;Ore Diurne;0;0;0;3;12.38347;41.88543;-1;2;Autovettura privata;In marcia / fermata / arresto;Conducente;M;Illeso;0;;Non accertato;Inesploso
2211247;18;21/11/2014 16:45;Statale entro l'abitato;VIA AURELIA;in prossimità;;della chilometrica;8.3;;Tamponamento Multiplo;Rettilineo;Più di due carreggiate;Asciutto;Asfaltata;Verticale ed orizzontale;Sereno;Intenso;Buona;Ore Diurne;0;0;0;3;12.38347;41.88543;-1;3;Autovettura privata;In marcia / fermata / arresto;Conducente;F;Illeso;0;;Non accertato;Inesploso
2211250;11;26/11/2014 18:15;Strada Urbana;VIA GIULIO ARISTIDE SARTORIO;in prossimità;;del civico n.;143;;Veicolo in marcia contro ostacolo fisso;Curva a visuale libera;Una carreggiata a doppio senso;Bagnato (pioggia);Asfaltata;Orizzontale;Pioggia in atto;Scarso;Sufficiente;Sufficiente;0;0;0;1;12.51202;41.85363;-1;1;Autovettura privata;In marcia / fermata / arresto;Conducente;F;Illeso;0;;Non accertato;
2211251;11;26/11/2014 18:50;Strada Urbana;VIA ARDEATINA;all'intersezione con;VIA APPIA ANTICA;VIA APPIA ANTICA;;;Scontro frontale/laterale DX fra veicoli in marcia;Intersezione stradale segnalata;Due carreggiate;Bagnato (pioggia);Asfaltata;Verticale ed orizzontale;Pioggia in atto;Normale;Sufficiente;Sufficiente;1;0;0;1;12.50352;41.86641;-1;1;Motociclo a solo;In marcia / fermata / arresto;Conducente;M;Rifiuta cure immediate;0;NON DECEDUTO;Non accertato;
2211251;11;26/11/2014 18:50;Strada Urbana;VIA ARDEATINA;all'intersezione con;VIA APPIA ANTICA;VIA APPIA ANTICA;;;Scontro frontale/laterale DX fra veicoli in marcia;Intersezione stradale segnalata;Due carreggiate;Bagnato (pioggia);Asfaltata;Verticale ed orizzontale;Pioggia in atto;Normale;Sufficiente;Sufficiente;1;0;0;1;12.50352;41.86641;-1;2;Autovettura privata;In marcia / fermata / arresto;Conducente;F;Illeso;0;;Non accertato;Inesploso
2211254;8;26/11/2014 23:13;Provinciale entro l'abitato;VIA PRENESTINA;da specificare;;;;caa 200 mt.da v.Borghesiana dir.f.RM alt palo 655;Veicolo in marcia contro ostacolo fisso;Curva a visuale libera;Una carreggiata a doppio senso;Bagnato (pioggia);Asfaltata;Orizzontale;Pioggia in atto;Normale;Sufficiente;Sufficiente;1;0;0;0;12.6717;41.89079;-1;1;Autovettura privata;In marcia / fermata / arresto;Conducente;M;Rimandato;0;NON DECEDUTO;Non accertato;Inesploso
2211255;5;26/11/2014 19:40;Strada Urbana;VIA TIBURTINA;all'intersezione con;VIA SMERILLO;VIA SMERILLO;;;Scontro frontale/laterale SX fra veicoli in marcia;Incrocio;Una carreggiata a doppio senso;Bagnato (pioggia);Asfaltata;Verticale ed orizzontale;Pioggia in atto;Normale;Sufficiente;Sufficiente;0;0;0;2;12.59836;41.93293;-1;1;Autovettura privata;In marcia / fermata / arresto;Conducente;F;Illeso;0;;Non accertato;
2211255;5;26/11/2014 19:40;Strada Urbana;VIA TIBURTINA;all'intersezione con;VIA SMERILLO;VIA SMERILLO;;;Scontro frontale/laterale SX fra veicoli in marcia;Incrocio;Una carreggiata a doppio senso;Bagnato (pioggia);Asfaltata;Verticale ed orizzontale;Pioggia in atto;Normale;Sufficiente;Sufficiente;0;0;0;2;12.59836;41.93293;-1;2;Autovettura privata;In marcia / fermata / arresto;Conducente;F;Illeso;0;;Non accertato;
2211258;11;26/11/2014 18:00;Strada Urbana;VIA SALVATORE PINCHERLE;in prossimità;;del civico n.;139;;Scontro frontale/laterale DX fra veicoli in marcia;Rettilineo;Una carreggiata a doppio senso;Bagnato (pioggia);Asfaltata;Verticale ed orizzontale;Pioggia in atto;Normale;Sufficiente;Sufficiente;1;0;0;1;12.46955;41.85255;-1;1;Autovettura privata;In marcia / fermata / arresto;Conducente;M;Illeso;0;;Non accertato;Inesploso
2211258;11;26/11/2014 18:00;Strada Urbana;VIA SALVATORE PINCHERLE;in prossimità;;del civico n.;139;;Scontro frontale/laterale DX fra veicoli in marcia;Rettilineo;Una carreggiata a doppio senso;Bagnato (pioggia);Asfaltata;Verticale ed orizzontale;Pioggia in atto;Normale;Sufficiente;Sufficiente;1;0;0;1;12.46955;41.85255;-1;2;Motociclo a solo;In marcia / fermata / arresto;Conducente;F;Rimandato;0;NON DECEDUTO;Non accertato;
2211262;11;26/11/2014 20:15;Strada Urbana;VIA GIULIO ARISTIDE SARTORIO;in prossimità;;del civico n.;73;;Veicoli in marcia contro veicolo fermo;Rettilineo;Due carreggiate;Bagnato (pioggia);Asfaltata;Verticale ed orizzontale;Pioggia in atto;Normale;Sufficiente;Sufficiente;2;0;0;2;12.50683;41.85377;-1;1;Autovettura privata;In marcia / fermata / arresto;Conducente;M;Illeso;0;;Non accertato;Inesploso
2211262;11;26/11/2014 20:15;Strada Urbana;VIA GIULIO ARISTIDE SARTORIO;in prossimità;;del civico n.;73;;Veicoli in marcia contro veicolo fermo;Rettilineo;Due carreggiate;Bagnato (pioggia);Asfaltata;Verticale ed orizzontale;Pioggia in atto;Normale;Sufficiente;Sufficiente;2;0;0;2;12.50683;41.85377;-1;2;Autovettura privata;In marcia / fermata / arresto;Conducente;F;Illeso;0;;Non accertato;Inesploso
2211262;11;26/11/2014 20:15;Strada Urbana;VIA GIULIO ARISTIDE SARTORIO;in prossimità;;del civico n.;73;;Veicoli in marcia contro veicolo fermo;Rettilineo;Due carreggiate;Bagnato (pioggia);Asfaltata;Verticale ed orizzontale;Pioggia in atto;Normale;Sufficiente;Sufficiente;2;0;0;2;12.50683;41.85377;-1;3;Autovettura privata;In marcia / fermata / arresto;Conducente;F;Rimandato;0;NON DECEDUTO;Non accertato;Inesploso
2211262;11;26/11/2014 20:15;Strada Urbana;VIA GIULIO ARISTIDE SARTORIO;in prossimità;;del civico n.;73;;Veicoli in marcia contro veicolo fermo;Rettilineo;Due carreggiate;Bagnato (pioggia);Asfaltata;Verticale ed orizzontale;Pioggia in atto;Normale;Sufficiente;Sufficiente;2;0;0;2;12.50683;41.85377;-1;3;Autovettura privata;In marcia / fermata / arresto;Passeggero;F;Rimandato;0;NON DECEDUTO;Non accertato;Inesploso
2211265;13;26/11/2014 09:45;Strada Urbana;VIA OSTIENSE;da specificare;;;;altezza civ. 2213;Scontro frontale/laterale SX fra veicoli in marcia;Rettilineo;Una carreggiata a doppio senso;Bagnato (pioggia);Asfaltata;Verticale ed orizzontale;Pioggia in atto;Normale;Buona;Ore Diurne;0;0;0;3;12.45017;41.83022;-1;1;Autovettura privata;In marcia / fermata / arresto;Conducente;M;Illeso;0;;Non accertato;Inesploso
2211265;13;26/11/2014 09:45;Strada Urbana;VIA OSTIENSE;da specificare;;;;altezza civ. 2213;Scontro frontale/laterale SX fra veicoli in marcia;Rettilineo;Una carreggiata a doppio senso;Bagnato (pioggia);Asfaltata;Verticale ed orizzontale;Pioggia in atto;Normale;Buona;Ore Diurne;0;0;0;3;12.45017;41.83022;-1;1;Autovettura privata;In marcia / fermata / arresto;Passeggero;F;Illeso;0;;Non accertato;Inesploso