Protocollo;Gruppo;DataOraIncidente;Localizzazione1;STRADA1;Localizzazione2;STRADA2;Strada02;Chilometrica;DaSpecificare;NaturaIncidente;particolaritastrade;TipoStrada;FondoStradale;Pavimentazione;Segnaletica;CondizioneAtmosferica;Traffico;Visibilita;Illuminazione;NUM_FERITI;NUM_RISERVATA;NUM_MORTI;NUM_ILLESI;Longitudine;Latitudine;Confermato;Progressivo;TipoVeicolo;StatoVeicolo;TipoPersona;Sesso;Tipolesione;Deceduto;DecedutoDopo;CinturaCascoUtilizzato;Airbag
2212053;19;26/11/2014 08:40;Strada Urbana;VIA DI S. CLETO PAPA;all'intersezione con;VIA ALESSANDRO VII;VIA ALESSANDRO VII;;;Scontro frontale/laterale SX fra veicoli in marcia;Incrocio;Una carreggiata a doppio senso;Bagnato (pioggia);Asfaltata;Verticale ed orizzontale;Pioggia in atto;Intenso;Buona;Ore Diurne;0;0;0;4;12.42294;41.92261;-1;1;Autovettura privata;In marcia / fermata / arresto;Passeggero;M;Illeso;0;;Non accertato;Inesploso
2212053;19;26/11/2014 08:40;Strada Urbana;VIA DI S. CLETO PAPA;all'intersezione con;VIA ALESSANDRO VII;VIA ALESSANDRO VII;;;Scontro frontale/laterale SX fra veicoli in marcia;Incrocio;Una carreggiata a doppio senso;Bagnato (pioggia);Asfaltata;Verticale ed orizzontale;Pioggia in atto;Intenso;Buona;Ore Diurne;0;0;0;4;12.42294;41.92261;-1;1;Autovettura privata;In marcia / fermata / arresto;Passeggero;M;Illeso;0;;Non accertato;Inesploso
2212053;19;26/11/2014 08:40;Strada Urbana;VIA DI S. CLETO PAPA;all'intersezione con;VIA ALESSANDRO VII;VIA ALESSANDRO VII;;;Scontro frontale/laterale SX fra veicoli in marcia;Incrocio;Una carreggiata a doppio senso;Bagnato (pioggia);Asfaltata;Verticale ed orizzontale;Pioggia in atto;Intenso;Buona;Ore Diurne;0;0;0;4;12.42294;41.92261;-1;2;Motociclo a solo;In marcia / fermata / arresto;Conducente;M;Illeso;0;;Non accertato;
2212071;13;27/11/2014 14:00;Strada Urbana;VIA ESCHILO;in corrispondenza;;del civico n.;126;;Tamponamento;Rettilineo;Una carreggiata a doppio senso;Bagnato (pioggia);Asfaltata;Verticale ed orizzontale;Pioggia in atto;Normale;Buona;Ore Diurne;1;0;0;1;12.37185;41.75867;-1;1;Autovettura privata;In marcia / fermata / arresto;Conducente;M;Illeso;0;;Non accertato;
2212071;13;27/11/2014 14:00;Strada Urbana;VIA ESCHILO;in corrispondenza;;del civico n.;126;;Tamponamento;Rettilineo;Una carreggiata a doppio senso;Bagnato (pioggia);Asfaltata;Verticale ed orizzontale;Pioggia in atto;Normale;Buona;Ore Diurne;1;0;0;1;12.37185;41.75867;-1;2;Autovettura privata;In marcia / fermata / arresto;Conducente;F;Rimandato;0;NON DECEDUTO;;
2212077;16;15/11/2014 09:00;Strada Urbana;LARGO S. VINCENZO DE' PAOLI;in corrispondenza;;del civico n.;6;;Veicolo in marcia contro veicolo in sosta;Rettilineo;Una carreggiata a senso unico di marcia;Asciutto;Asfaltata;Assente;Sereno;Normale;Buona;Ore Diurne;0;0;0;1;12.45643;41.8722;-1;2;Autovettura privata;In marcia / fermata / arresto;Conducente;M;Illeso;0;;Non accertato;
2212095;19;27/11/2014 19:45;Strada Urbana;VIA ANDERSEN;in prossimità;;del civico n.;58;;Scontro frontale/laterale DX fra veicoli in marcia;Rettilineo;Più di due carreggiate;Bagnato (pioggia);Asfaltata;Verticale ed orizzontale;Nuvoloso;Normale;Buona;Sufficiente;1;0;0;1;12.40198;41.92401;-1;1;Autovettura privata;In marcia / fermata / arresto;Conducente;F;Illeso;0;;Non accertato;Inesploso
2212095;19;27/11/2014 19:45;Strada Urbana;VIA ANDERSEN;in prossimità;;del civico n.;58;;Scontro frontale/laterale DX fra veicoli in marcia;Rettilineo;Più di due carreggiate;Bagnato (pioggia);Asfaltata;Verticale ed orizzontale;Nuvoloso;Normale;Buona;Sufficiente;1;0;0;1;12.40198;41.92401;-1;2;Motociclo a solo;In marcia / fermata / arresto;Conducente;M;Rimandato;0;NON DECEDUTO;Non accertato;
2212099;12;27/11/2014 17:05;Regionale entro l'abitato;VIA PONTINA;da specificare;;;;altezza km. 11.300;Tamponamento Multiplo;Rettilineo;Due carreggiate;Bagnato (pioggia);Asfaltata;Verticale ed orizzontale;Nuvoloso;Intenso;Buona;Ore Diurne;1;0;0;3;12.46004;41.81303;-1;1;Autovettura privata;In marcia / fermata / arresto;Conducente;M;Illeso;0;;Non accertato;Inesploso
2212099;12;27/11/2014 17:05;Regionale entro l'abitato;VIA PONTINA;da specificare;;;;altezza km. 11.300;Tamponamento Multiplo;Rettilineo;Due carreggiate;Bagnato (pioggia);Asfaltata;Verticale ed orizzontale;Nuvoloso;Intenso;Buona;Ore Diurne;1;0;0;3;12.46004;41.81303;-1;1;Autovettura privata;In marcia / fermata / arresto;Passeggero;F;Illeso;0;;Non accertato;
2212099;12;27/11/2014 17:05;Regionale entro l'abitato;VIA PONTINA;da specificare;;;;altezza km. 11.300;Tamponamento Multiplo;Rettilineo;Due carreggiate;Bagnato (pioggia);Asfaltata;Verticale ed orizzontale;Nuvoloso;Intenso;Buona;Ore Diurne;1;0;0;3;12.46004;41.81303;-1;2;Autovettura privata;In marcia / fermata / arresto;Conducente;F;Rimandato;0;NON DECEDUTO;Non accertato;Inesploso
2212099;12;27/11/2014 17:05;Regionale entro l'abitato;VIA PONTINA;da specificare;;;;altezza km. 11.300;Tamponamento Multiplo;Rettilineo;Due carreggiate;Bagnato (pioggia);Asfaltata;Verticale ed orizzontale;Nuvoloso;Intenso;Buona;Ore Diurne;1;0;0;3;12.46004;41.81303;-1;3;Autovettura privata;In marcia / fermata / arresto;Conducente;M;Illeso;0;;Non accertato;Inesploso
2212193;9;27/11/2014 17:00;Strada Urbana;VIA AOSTA;da specificare;;;;in prossimità via Tuscolana;Scontro frontale/laterale DX fra veicoli in marcia;Rettilineo;Una carreggiata a doppio senso;Bagnato (pioggia);Asfaltata;Verticale ed orizzontale;Nuvoloso;Normale;Sufficiente;Ore Diurne;0;0;0;2;12.51451;41.88297;-1;1;Autovettura privata;In marcia / fermata / arresto;Conducente;M;Illeso;0;;Non accertato;Inesploso
2212193;9;27/11/2014 17:00;Strada Urbana;VIA AOSTA;da specificare;;;;in prossimità via Tuscolana;Scontro frontale/laterale DX fra veicoli in marcia;Rettilineo;Una carreggiata a doppio senso;Bagnato (pioggia);Asfaltata;Verticale ed orizzontale;Nuvoloso;Normale;Sufficiente;Ore Diurne;0;0;0;2;12.51451;41.88297;-1;2;Autovettura privata;In marcia / fermata / arresto;Conducente;F;Illeso;0;;Non accertato;Inesploso
2212194;9;27/11/2014 19:30;Strada Urbana;VIA TUSCOLANA;all'intersezione semaforizzata con;VIA MONSELICE;VIA MONSELICE;;;Investimento di pedone;Intersezione semaforizzata;Una carreggiata a doppio senso;Asciutto;Asfaltata;Verticale ed orizzontale;Sereno;Normale;Buona;Sufficiente;1;0;0;1;12.52168;41.87947;-1;;;;Pedone;F;Rimandato;0;NON DECEDUTO;;
2212194;9;27/11/2014 19:30;Strada Urbana;VIA TUSCOLANA;all'intersezione semaforizzata con;VIA MONSELICE;VIA MONSELICE;;;Investimento di pedone;Intersezione semaforizzata;Una carreggiata a doppio senso;Asciutto;Asfaltata;Verticale ed orizzontale;Sereno;Normale;Buona;Sufficiente;1;0;0;1;12.52168;41.87947;-1;1;Autovettura privata;In marcia / fermata / arresto;Conducente;M;Illeso;0;;Non accertato;Inesploso
2212197;9;27/11/2014 19:50;Strada Urbana;VIA TUSCOLANA;da specificare;;;;fronte civico 728;Veicolo in marcia contro ostacolo accidentale;Curva a visuale libera;Una carreggiata a senso unico di marcia;Asciutto;Asfaltata;Assente;Nuvoloso;Intenso;Sufficiente;Sufficiente;1;0;0;0;12.5292;41.87519;-1;1;Motociclo a solo;In marcia / fermata / arresto;Conducente;M;Rimandato;0;NON DECEDUTO;;
2212233;9;27/11/2014 20:55;Strada Urbana;VIA ACAIA;all'intersezione con;VIA SINUESSA;VIA SINUESSA;;;Scontro laterale fra veicoli in marcia;Incrocio;Una carreggiata a doppio senso;Bagnato (umidità in atto);Asfaltata;Verticale ed orizzontale;Nuvoloso;Normale;Buona;Sufficiente;1;0;0;1;12.50821;41.87762;-1;1;Autovettura privata;In marcia / fermata / arresto;Conducente;M;Illeso;0;;Non accertato;Inesploso
2212233;9;27/11/2014 20:55;Strada Urbana;VIA ACAIA;all'intersezione con;VIA SINUESSA;VIA SINUESSA;;;Scontro laterale fra veicoli in marcia;Incrocio;Una carreggiata a doppio senso;Bagnato (umidità in atto);Asfaltata;Verticale ed orizzontale;Nuvoloso;Normale;Buona;Sufficiente;1;0;0;1;12.50821;41.87762;-1;2;Motociclo a solo;In marcia / fermata / arresto;Conducente;F;Rimandato;0;NON DECEDUTO;Non accertato;
2212247;6;27/11/2014 20:40;Strada Urbana;VIA FRANCESCO LAPARELLI;all'intersezione con;VIA BERNARDO BUONTALENTI;VIA BERNARDO BUONTALENTI;;;Scontro laterale fra veicoli in marcia;Incrocio;Una carreggiata a doppio senso;Asciutto;Asfaltata;Orizzontale;Nuvoloso;Scarso;Sufficiente;Sufficiente;0;0;0;3;12.53943;41.87905;-1;1;Autovettura privata;In marcia / fermata / arresto;Conducente;F;Illeso;0;;Non accertato;
2212247;6;27/11/2014 20:40;Strada Urbana;VIA FRANCESCO LAPARELLI;all'intersezione con;VIA BERNARDO BUONTALENTI;VIA BERNARDO BUONTALENTI;;;Scontro laterale fra veicoli in marcia;Incrocio;Una carreggiata a doppio senso;Asciutto;Asfaltata;Orizzontale;Nuvoloso;Scarso;Sufficiente;Sufficiente;0;0;0;3;12.53943;41.87905;-1;2;Autovettura privata;In marcia / fermata / arresto;Conducente;M;Illeso;0;;Non accertato;
2212247;6;27/11/2014 20:40;Strada Urbana;VIA FRANCESCO LAPARELLI;all'intersezione con;VIA BERNARDO BUONTALENTI;VIA BERNARDO BUONTALENTI;;;Scontro laterale fra veicoli in marcia;Incrocio;Una carreggiata a doppio senso;Asciutto;Asfaltata;Orizzontale;Nuvoloso;Scarso;Sufficiente;Sufficiente;0;0;0;3;12.53943;41.87905;-1;3;Autovettura privata;In marcia / fermata / arresto;Conducente;M;Illeso;0;;Non accertato;
2212267;8;27/11/2014 18:00;Strada Urbana;VIA PIETRO PIFFETTI;in prossimità;;del civico n.;6;;Veicolo in marcia contro ostacolo accidentale;Rettilineo;Una carreggiata a doppio senso;Bagnato (pioggia);Asfaltata;Assente;Nuvoloso;Normale;Sufficiente;Sufficiente;1;0;0;0;12.60647;41.86077;-1;1;Motociclo a solo;In marcia / fermata / arresto;Conducente;M;Rifiuta cure immediate;0;NON DECEDUTO;;
2212269;5;27/11/2014 13:10;Strada Urbana;VIALE GIUSEPPE CAPPI;all'intersezione con;VIA BELMONTE IN SABINA;VIA BELMONTE IN SABINA;;;Scontro frontale/laterale SX fra veicoli in marcia;Incrocio;Due carreggiate;Asciutto;Asfaltata;Verticale ed orizzontale;Nuvoloso;Normale;Buona;Ore Diurne;2;0;0;1;12.58834;41.94538;-1;1;Autovettura privata;In marcia / fermata / arresto;Conducente;F;Illeso;0;;Non accertato;
2212269;5;27/11/2014 13:10;Strada Urbana;VIALE GIUSEPPE CAPPI;all'intersezione con;VIA BELMONTE IN SABINA;VIA BELMONTE IN SABINA;;;Scontro frontale/laterale SX fra veicoli in marcia;Incrocio;Due carreggiate;Asciutto;Asfaltata;Verticale ed orizzontale;Nuvoloso;Normale;Buona;Ore Diurne;2;0;0;1;12.58834;41.94538;-1;2;Autovettura privata;In marcia / fermata / arresto;Conducente;M;Rimandato;0;NON DECEDUTO;Non accertato;
2212269;5;27/11/2014 13:10;Strada Urbana;VIALE GIUSEPPE CAPPI;all'intersezione con;VIA BELMONTE IN SABINA;VIA BELMONTE IN SABINA;;;Scontro frontale/laterale SX fra veicoli in marcia;Incrocio;Due carreggiate;Asciutto;Asfaltata;Verticale ed orizzontale;Nuvoloso;Normale;Buona;Ore Diurne;2;0;0;1;12.58834;41.94538;-1;3;Autovettura privata;In marcia / fermata / arresto;Conducente;F;Rimandato;0;NON DECEDUTO;Non accertato;
2212271;8;27/11/2014 18:45;Strada Urbana;VIALE DEI ROMANISTI;in corrispondenza;;del civico n.;33;;Veicolo in marcia contro ostacolo accidentale;Rettilineo;Due carreggiate;Bagnato (pioggia);Asfaltata;Verticale ed orizzontale;Nuvoloso;Normale;Buona;Ore Diurne;0;0;0;1;12.58204;41.86514;-1;1;Motociclo a solo;In marcia / fermata / arresto;Conducente;F;Illeso;0;;Utilizzato;
2212275;8;27/11/2014 20:45;Provinciale entro l'abitato;VIA PRENESTINA;in prossimità;;della chilometrica;14.6;;Scontro frontale fra veicoli in marcia;Curva senza visuale libera;Una carreggiata a doppio senso;Asciutto;Asfaltata;Verticale ed orizzontale;Sereno;Scarso;Insufficiente;Inesistente;1;0;0;2;12.60981;41.89357;-1;1;Autovettura privata;In marcia / fermata / arresto;Conducente;M;Illeso;0;;Non accertato;Inesploso
2212275;8;27/11/2014 20:45;Provinciale entro l'abitato;VIA PRENESTINA;in prossimità;;della chilometrica;14.6;;Scontro frontale fra veicoli in marcia;Curva senza visuale libera;Una carreggiata a doppio senso;Asciutto;Asfaltata;Verticale ed orizzontale;Sereno;Scarso;Insufficiente;Inesistente;1;0;0;2;12.60981;41.89357;-1;1;Autovettura privata;In marcia / fermata / arresto;Passeggero;M;Illeso;0;;Non accertato;Inesploso
2212275;8;27/11/2014 20:45;Provinciale entro l'abitato;VIA PRENESTINA;in prossimità;;della chilometrica;14.6;;Scontro frontale fra veicoli in marcia;Curva senza visuale libera;Una carreggiata a doppio senso;Asciutto;Asfaltata;Verticale ed orizzontale;Sereno;Scarso;Insufficiente;Inesistente;1;0;0;2;12.60981;41.89357;-1;2;Motociclo a solo;In marcia / fermata / arresto;Conducente;M;Rimandato;0;NON DECEDUTO;Non accertato;
2212277;8;27/11/2014 18:05;Provinciale entro l'abitato;VIA COLLATINA;da specificare;;;;pross. rotatoria Via Cicali;Scontro frontale fra veicoli in marcia;Pendenza;Una carreggiata a doppio senso;Asciutto;Asfaltata;Orizzontale;Sereno;Intenso;Sufficiente;Sufficiente;1;0;0;1;12.64876;41.91232;-1;1;Autovettura privata;In marcia / fermata / arresto;Conducente;M;Illeso;0;;Non accertato;Inesploso
2212277;8;27/11/2014 18:05;Provinciale entro l'abitato;VIA COLLATINA;da specificare;;;;pross. rotatoria Via Cicali;Scontro frontale fra veicoli in marcia;Pendenza;Una carreggiata a doppio senso;Asciutto;Asfaltata;Orizzontale;Sereno;Intenso;Sufficiente;Sufficiente;1;0;0;1;12.64876;41.91232;-1;2;Motociclo a solo;In marcia / fermata / arresto;Conducente;M;Rimandato;0;NON DECEDUTO;Non accertato;
2212282;5;27/11/2014 06:48;Strada Urbana;VIA GIUSEPPE SPATARO;da specificare;;;;prox. piazza Loriedo;Veicolo in marcia contro veicolo in sosta;Rettilineo;Una carreggiata a doppio senso;Bagnato (pioggia);Asfaltata;Verticale ed orizzontale;Nuvoloso;Normale;Buona;Ore Diurne;0;0;0;1;12.57869;41.91437;-1;1;Autovettura privata;In marcia / fermata / arresto;Conducente;M;Illeso;0;;Non accertato;Inesploso
2212287;8;27/11/2014 10:00;Strada Urbana;VIA MANDANICI;in corrispondenza;;del palo luce n.;16;;Ribaltamento senza urto contro ostacolo fisso;Rettilineo;Una carreggiata a doppio senso;Bagnato (umidità in atto);Asfaltata;Orizzontale;Nuvoloso;Normale;Buona;Ore Diurne;1;0;0;0;12.68286;41.86856;-1;1;Autovettura privata;In marcia / fermata / arresto;Conducente;M;Rimandato;0;NON DECEDUTO;Non accertato;Inesploso
2212289;5;27/11/2014 10:30;Strada Urbana;VIA GIUSEPPE DONATI;all'intersezione con;VIA DIEGO ANGELI;VIA DIEGO ANGELI;;;Scontro frontale/laterale DX fra veicoli in marcia;Incrocio;Una carreggiata a doppio senso;Asciutto;Asfaltata;Verticale ed orizzontale;Nuvoloso;Normale;Buona;Ore Diurne;0;0;0;3;12.55124;41.90752;-1;1;Autocarro inferiore 35 q.;In marcia / fermata / arresto;Conducente;M;Illeso;0;;Non accertato;Inesploso
2212289;5;27/11/2014 10:30;Strada Urbana;VIA GIUSEPPE DONATI;all'intersezione con;VIA DIEGO ANGELI;VIA DIEGO ANGELI;;;Scontro frontale/laterale DX fra veicoli in marcia;Incrocio;Una carreggiata a doppio senso;Asciutto;Asfaltata;Verticale ed orizzontale;Nuvoloso;Normale;Buona;Ore Diurne;0;0;0;3;12.55124;41.90752;-1;1;Autocarro inferiore 35 q.;In marcia / fermata / arresto;Passeggero;M;Illeso;0;;Non accertato;Inesploso
2212289;5;27/11/2014 10:30;Strada Urbana;VIA GIUSEPPE DONATI;all'intersezione con;VIA DIEGO ANGELI;VIA DIEGO ANGELI;;;Scontro frontale/laterale DX fra veicoli in marcia;Incrocio;Una carreggiata a doppio senso;Asciutto;Asfaltata;Verticale ed orizzontale;Nuvoloso;Normale;Buona;Ore Diurne;0;0;0;3;12.55124;41.90752;-1;2;Autovettura privata;In marcia / fermata / arresto;Conducente;F;Illeso;0;;Non accertato;Inesploso
2212295;8;27/11/2014 08:45;Strada Urbana;VIALE FRANCESCO CALTAGIRONE;da specificare;;;;alt. L.go Corradino D'ascanio dir. Collatina;Infortunio per sola frenata improvvisa;Rettilineo;Più di due carreggiate;Bagnato (umidità in atto);Asfaltata;Verticale ed orizzontale;Nuvoloso;Normale;Buona;Ore Diurne;1;0;0;1;12.65512;41.909;-1;1;Motociclo a solo;In marcia / fermata / arresto;Conducente;M;Rifiuta cure immediate;0;NON DECEDUTO;Non accertato;
2212295;8;27/11/2014 08:45;Strada Urbana;VIALE FRANCESCO CALTAGIRONE;da specificare;;;;alt. L.go Corradino D'ascanio dir. Collatina;Infortunio per sola frenata improvvisa;Rettilineo;Più di due carreggiate;Bagnato (umidità in atto);Asfaltata;Verticale ed orizzontale;Nuvoloso;Normale;Buona;Ore Diurne;1;0;0;1;12.65512;41.909;-1;2;Autovettura privata;In marcia / fermata / arresto;Conducente;F;Illeso;0;;Non accertato;Inesploso
2212296;5;27/11/2014 16:30;Strada Urbana;VIA GIOVANNI ZANARDINI;da specificare;;;;altezza complanare di Viale Kant;Scontro frontale/laterale DX fra veicoli in marcia;Rettilineo;Una carreggiata a senso unico di marcia;Bagnato (umidità in atto);Asfaltata;Verticale ed orizzontale;Nuvoloso;Scarso;Buona;Ore Diurne;0;0;0;2;12.55275;41.93634;-1;1;Autovettura privata;In marcia / fermata / arresto;Conducente;F;Illeso;0;;Non accertato;
2212296;5;27/11/2014 16:30;Strada Urbana;VIA GIOVANNI ZANARDINI;da specificare;;;;altezza complanare di Viale Kant;Scontro frontale/laterale DX fra veicoli in marcia;Rettilineo;Una carreggiata a senso unico di marcia;Bagnato (umidità in atto);Asfaltata;Verticale ed orizzontale;Nuvoloso;Scarso;Buona;Ore Diurne;0;0;0;2;12.55275;41.93634;-1;2;Autovettura privata;In marcia / fermata / arresto;Conducente;F;Illeso;0;;Non accertato;
2212297;8;27/11/2014 11:45;Strada Urbana;VIA DELLA MASSA CALCIANA;all'intersezione con;VIA DI CARCARICOLA;VIA DI CARCARICOLA;;;Scontro laterale fra veicoli in marcia;Incrocio;Una carreggiata a senso unico di marcia;Bagnato (umidità in atto);Asfaltata;Verticale ed orizzontale;Nuvoloso;Normale;Sufficiente;Sufficiente;0;0;0;2;12.61204;41.86313;-1;1;Autocarro inferiore 35 q.;In marcia / fermata / arresto;Conducente;M;Illeso;0;;Non accertato;Inesploso
2212297;8;27/11/2014 11:45;Strada Urbana;VIA DELLA MASSA CALCIANA;all'intersezione con;VIA DI CARCARICOLA;VIA DI CARCARICOLA;;;Scontro laterale fra veicoli in marcia;Incrocio;Una carreggiata a senso unico di marcia;Bagnato (umidità in atto);Asfaltata;Verticale ed orizzontale;Nuvoloso;Normale;Sufficiente;Sufficiente;0;0;0;2;12.61204;41.86313;-1;2;Autovettura privata;In marcia / fermata / arresto;Conducente;M;Illeso;0;;Non accertato;Inesploso
2212298;6;28/11/2014 05:30;Strada Urbana;VIA POLENSE;in prossimità;;del civico n.;121;;Veicolo in marcia contro ostacolo accidentale;Rettilineo;Una carreggiata a doppio senso;Asciutto;Asfaltata;Assente;Nuvoloso;Scarso;Sufficiente;Sufficiente;0;0;0;1;12.7033;41.89584;-1;1;Autovettura privata;In marcia / fermata / arresto;Conducente;M;Illeso;0;;Non accertato;Inesploso
2212299;8;27/11/2014 14:00;Strada Urbana;VIA DI TOR VERGATA;da specificare;;;;100 m prima rampa per Via M. Pastore;Scontro laterale fra veicoli in marcia;Rettilineo;Una carreggiata a senso unico di marcia;Asciutto;Asfaltata;Verticale ed orizzontale;Nuvoloso;Scarso;Buona;Ore Diurne;0;0;0;2;12.62258;41.84254;-1;1;Autovettura privata;In marcia / fermata / arresto;Conducente;M;Illeso;0;;Non accertato;Inesploso
2212299;8;27/11/2014 14:00;Strada Urbana;VIA DI TOR VERGATA;da specificare;;;;100 m prima rampa per Via M. Pastore;Scontro laterale fra veicoli in marcia;Rettilineo;Una carreggiata a senso unico di marcia;Asciutto;Asfaltata;Verticale ed orizzontale;Nuvoloso;Scarso;Buona;Ore Diurne;0;0;0;2;12.62258;41.84254;-1;2;Autovettura privata;In marcia / fermata / arresto;Conducente;F;Illeso;0;;Non accertato;Inesploso
2212301;8;27/11/2014 09:30;Statale entro l'abitato;VIA CASILINA;in corrispondenza;;del civico n.;1799;;Veicolo in marcia contro veicoli in arresto;Rettilineo;Una carreggiata a senso unico alternato;Asciutto;Asfaltata;Verticale ed orizzontale;Sereno;Normale;Buona;Ore Diurne;0;0;0;2;12.65124;41.86365;-1;1;Autovettura privata;In marcia / fermata / arresto;Conducente;F;Illeso;0;;Non accertato;Inesploso
2212301;8;27/11/2014 09:30;Statale entro l'abitato;VIA CASILINA;in corrispondenza;;del civico n.;1799;;Veicolo in marcia contro veicoli in arresto;Rettilineo;Una carreggiata a senso unico alternato;Asciutto;Asfaltata;Verticale ed orizzontale;Sereno;Normale;Buona;Ore Diurne;0;0;0;2;12.65124;41.86365;-1;2;Autovettura privata;In marcia / fermata / arresto;Conducente;F;Illeso;0;;Non accertato;Inesploso
2212307;8;27/11/2014 09:00;Statale entro l'abitato;VIA CASILINA;in corrispondenza;;del civico n.;1794;;Veicolo in marcia contro veicoli in arresto;Rettilineo;Una carreggiata a doppio senso;Asciutto;Asfaltata;Verticale ed orizzontale;Sereno;Normale;Buona;Ore Diurne;0;0;0;3;12.68197;41.86278;-1;1;Autovettura privata;In marcia / fermata / arresto;Conducente;M;Illeso;0;;Non accertato;Inesploso
2212307;8;27/11/2014 09:00;Statale entro l'abitato;VIA CASILINA;in corrispondenza;;del civico n.;1794;;Veicolo in marcia contro veicoli in arresto;Rettilineo;Una carreggiata a doppio senso;Asciutto;Asfaltata;Verticale ed orizzontale;Sereno;Normale;Buona;Ore Diurne;0;0;0;3;12.68197;41.86278;-1;1;Autovettura privata;In marcia / fermata / arresto;Passeggero;M;Illeso;0;;Non accertato;Inesploso
2212307;8;27/11/2014 09:00;Statale entro l'abitato;VIA CASILINA;in corrispondenza;;del civico n.;1794;;Veicolo in marcia contro veicoli in arresto;Rettilineo;Una carreggiata a doppio senso;Asciutto;Asfaltata;Verticale ed orizzontale;Sereno;Normale;Buona;Ore Diurne;0;0;0;3;12.68197;41.86278;-1;1;Autovettura privata;In marcia / fermata / arresto;Passeggero;F;Illeso;0;;Non accertato;Inesploso
2212309;8;27/11/2014 15:30;Provinciale entro l'abitato;VIA PRENESTINA;all'intersezione semaforizzata con;VIA DI ROCCA CENCIA;VIA DI ROCCA CENCIA;;;Scontro laterale fra veicoli in marcia;Intersezione semaforizzata;Una carreggiata a doppio senso;Asciutto;Asfaltata;Verticale ed orizzontale;Nuvoloso;Normale;Buona;Ore Diurne;0;0;0;3;12.69582;41.88838;-1;1;Autoarticolato;In marcia / fermata / arresto;Conducente;M;Illeso;0;;Non accertato;Inesploso
2212309;8;27/11/2014 15:30;Provinciale entro l'abitato;VIA PRENESTINA;all'intersezione semaforizzata con;VIA DI ROCCA CENCIA;VIA DI ROCCA CENCIA;;;Scontro laterale fra veicoli in marcia;Intersezione semaforizzata;Una carreggiata a doppio senso;Asciutto;Asfaltata;Verticale ed orizzontale;Nuvoloso;Normale;Buona;Ore Diurne;0;0;0;3;12.69582;41.88838;-1;2;Autocarro inferiore 35 q.;In marcia / fermata / arresto;Conducente;M;Illeso;0;;Non accertato;Inesploso
2212309;8;27/11/2014 15:30;Provinciale entro l'abitato;VIA PRENESTINA;all'intersezione semaforizzata con;VIA DI ROCCA CENCIA;VIA DI ROCCA CENCIA;;;Scontro laterale fra veicoli in marcia;Intersezione semaforizzata;Una carreggiata a doppio senso;Asciutto;Asfaltata;Verticale ed orizzontale;Nuvoloso;Normale;Buona;Ore Diurne;0;0;0;3;12.69582;41.88838;-1;3;Autovettura privata;In marcia / fermata / arresto;Conducente;F;Illeso;0;;Non accertato;Inesploso
2212310;8;27/11/2014 15:15;Strada Urbana;VIALE OXFORD;all'intersezione con;VIALE DELLA SORBONA;VIALE DELLA SORBONA;;;Scontro laterale fra veicoli in marcia;Rotatoria;Una carreggiata a senso unico di marcia;Asciutto;Asfaltata;Orizzontale;Nuvoloso;Normale;Sufficiente;Ore Diurne;0;0;0;3;12.6283;41.85976;-1;1;Autovettura privata;In marcia / fermata / arresto;Conducente;M;Illeso;0;;Non accertato;Inesploso
2212310;8;27/11/2014 15:15;Strada Urbana;VIALE OXFORD;all'intersezione con;VIALE DELLA SORBONA;VIALE DELLA SORBONA;;;Scontro laterale fra veicoli in marcia;Rotatoria;Una carreggiata a senso unico di marcia;Asciutto;Asfaltata;Orizzontale;Nuvoloso;Normale;Sufficiente;Ore Diurne;0;0;0;3;12.6283;41.85976;-1;1;Autovettura privata;In marcia / fermata / arresto;Passeggero;M;Illeso;0;;Non accertato;Inesploso
2212310;8;27/11/2014 15:15;Strada Urbana;VIALE OXFORD;all'intersezione con;VIALE DELLA SORBONA;VIALE DELLA SORBONA;;;Scontro laterale fra veicoli in marcia;Rotatoria;Una carreggiata a senso unico di marcia;Asciutto;Asfaltata;Orizzontale;Nuvoloso;Normale;Sufficiente;Ore Diurne;0;0;0;3;12.6283;41.85976;-1;2;Autovettura privata;In marcia / fermata / arresto;Conducente;M;Illeso;0;;Non accertato;Inesploso
2212315;8;27/11/2014 09:30;Strada Urbana;VIA DI SALONE;da specificare;;;;300 m dopo rotatoria Collatina in dir. Tiburtina;Veicolo in marcia contro ostacolo accidentale;Rettilineo;Una carreggiata a doppio senso;Asciutto;Asfaltata;Verticale ed orizzontale;Nuvoloso;Normale;Buona;Ore Diurne;0;0;0;1;12.63439;41.91328;-1;1;Autovettura privata;In marcia / fermata / arresto;Conducente;M;Illeso;0;;;
2212320;8;27/11/2014 08:30;Strada Urbana;VIA DELL'ARCHEOLOGIA;in corrispondenza;;del civico n.;231;;Veicolo in marcia contro ostacolo accidentale;Rettilineo;Una carreggiata a doppio senso;Bagnato (pioggia);Con buche;Assente;Nuvoloso;Scarso;Buona;Ore Diurne;0;0;0;1;12.6264;41.88075;-1;1;Autovettura privata;In marcia / fermata / arresto;Conducente;M;Illeso;0;;Non accertato;Inesploso